experiment,source,phase,role,installed_box,windows,frames,rows_per_frame,compute_ms,head_ms,attention_ms,experts_ms,fallback_calls,nonfinite_calls
002a_return_link,phases.json,single,0,0,4,60,1.0,56.333333333333336,0.0,17.7,0.0,0,0
002a_return_link,phases.json,single,1,1,4,52,1.0,59.67307692307692,0.0,16.923076923076923,0.0,0,0
002a_return_link,phases.json,single,2,2,4,54,1.0,60.72222222222222,0.0,17.24074074074074,0.0,0,0
002a_return_link,phases.json,single,3,3,4,62,1.0,64.14516129032258,0.0,16.93548387096774,0.0,0,0
002a_return_link,phases.json,single,4,4,4,62,1.0,63.91935483870968,0.0,17.129032258064516,0.0,0,0
002a_return_link,phases.json,single,5,5,4,62,1.0,59.20967741935484,0.0,17.06451612903226,0.0,0,0
002a_return_link,phases.json,single,6,6,4,62,1.0,58.12903225806452,0.0,17.016129032258064,0.0,0,0
002a_return_link,phases.json,single,7,7,4,62,1.0,56.20967741935484,0.0,17.016129032258064,0.0,0,0
002a_return_link,phases.json,single,8,8,4,62,1.0,44.596774193548384,0.0,10.338709677419354,0.0,0,0
002a_return_link,phases.json,single,9,9,4,61,1.0,40.01639344262295,0.0,10.21311475409836,0.0,0,0
002a_return_link,phases.json,single,10,10,4,62,1.0,42.32258064516129,11.419354838709678,10.17741935483871,0.0,0,0
002a_return_link,phases.json,s11,0,0,5,648,1.0,64.21604938271605,0.0,17.209876543209877,0.0,0,0
002a_return_link,phases.json,s11,1,1,5,565,1.0,61.37699115044248,0.0,16.123893805309734,0.0,0,0
002a_return_link,phases.json,s11,2,2,5,575,1.0,63.08521739130435,0.0,16.092173913043478,0.0,0,0
002a_return_link,phases.json,s11,3,3,4,565,1.0,62.01946902654867,0.0,16.060176991150442,0.0,0,0
002a_return_link,phases.json,s11,4,4,4,566,1.0,61.830388692579504,0.0,16.130742049469966,0.0,0,0
002a_return_link,phases.json,s11,5,5,4,553,1.0,62.3254972875226,0.0,16.16636528028933,0.0,0,0
002a_return_link,phases.json,s11,6,6,4,549,1.0,60.537340619307834,0.0,16.103825136612024,0.0,0,0
002a_return_link,phases.json,s11,7,7,3,415,1.0,60.12771084337349,0.0,16.16867469879518,0.0,0,0
002a_return_link,phases.json,s11,8,8,3,411,1.0,42.29683698296837,0.0,9.892944038929441,0.0,0,0
002a_return_link,phases.json,s11,9,9,3,412,1.0,40.72330097087379,0.0,9.83252427184466,0.0,0,0
002a_return_link,phases.json,s11,10,10,4,409,1.0,44.437652811735944,11.352078239608803,9.841075794621027,0.0,0,0
002a_return_link,phases.json,s48,0,0,13,680,3.8955882352941176,181.73088235294117,0.0,21.110294117647058,0.0,0,0
002a_return_link,phases.json,s48,1,1,12,612,4.130718954248366,166.34967320261438,0.0,20.393790849673202,0.0,0,0
002a_return_link,phases.json,s48,2,2,13,692,3.7673410404624277,160.09104046242774,0.0,19.84393063583815,0.0,0,0
002a_return_link,phases.json,s48,3,3,13,693,3.763347763347763,163.84415584415584,0.0,19.62914862914863,0.0,0,0
002a_return_link,phases.json,s48,4,4,13,713,3.7251051893408134,159.50490883590462,0.0,19.73913043478261,0.0,0,0
002a_return_link,phases.json,s48,5,5,13,655,3.946564885496183,164.06106870229007,0.0,19.91145038167939,0.0,0,0
002a_return_link,phases.json,s48,6,6,13,657,3.8995433789954337,161.74733637747337,0.0,19.878234398782343,0.0,0,0
002a_return_link,phases.json,s48,7,7,13,781,3.443021766965429,146.7900128040973,0.0,19.221510883482715,0.0,0,0
002a_return_link,phases.json,s48,8,8,13,775,3.450322580645161,103.86322580645161,0.0,12.358709677419355,0.0,0,0
002a_return_link,phases.json,s48,9,9,12,684,3.646198830409357,107.52046783625731,0.0,12.527777777777779,0.0,0,0
002a_return_link,phases.json,s48,10,10,12,676,3.662721893491124,111.9171597633136,12.594674556213018,12.56360946745562,0.0,0,0
002b_speculation,phases.json,single,0,0,3,70,1.0,58.07142857142857,0.0,17.728571428571428,0.0,0,0
002b_speculation,phases.json,single,1,1,3,70,1.0,58.8,0.0,16.785714285714285,0.0,0,0
002b_speculation,phases.json,single,2,2,3,70,1.0,61.27142857142857,0.0,16.814285714285713,0.0,0,0
002b_speculation,phases.json,single,3,3,3,70,1.0,61.22857142857143,0.0,16.642857142857142,0.0,0,0
002b_speculation,phases.json,single,4,4,3,70,1.0,59.91428571428571,0.0,16.814285714285713,0.0,0,0
002b_speculation,phases.json,single,5,5,3,70,1.0,58.51428571428571,0.0,16.84285714285714,0.0,0,0
002b_speculation,phases.json,single,6,6,4,87,1.0,57.97701149425287,0.0,16.82758620689655,0.0,0,0
002b_speculation,phases.json,single,7,7,4,89,1.0,60.157303370786515,0.0,17.04494382022472,0.0,0,0
002b_speculation,phases.json,single,8,8,3,69,1.0,39.405797101449274,0.0,10.347826086956522,0.0,0,0
002b_speculation,phases.json,single,9,9,3,70,1.0,39.18571428571428,0.0,10.357142857142858,0.0,0,0
002b_speculation,phases.json,single,10,10,3,70,1.0,41.41428571428571,11.4,10.271428571428572,0.0,0,0
002b_speculation,phases.json,echo,0,0,4,111,1.0,61.55855855855856,0.0,17.405405405405407,0.0,0,0
002b_speculation,phases.json,echo,1,1,4,130,1.0,59.54615384615385,0.0,16.630769230769232,0.0,0,0
002b_speculation,phases.json,echo,2,2,4,130,1.0,62.56923076923077,0.0,16.53846153846154,0.0,0,0
002b_speculation,phases.json,echo,3,3,4,130,1.0,63.15384615384615,0.0,16.623076923076923,0.0,0,0
002b_speculation,phases.json,echo,4,4,4,130,1.0,62.99230769230769,0.0,16.692307692307693,0.0,0,0
002b_speculation,phases.json,echo,5,5,4,130,1.0,62.5,0.0,16.723076923076924,0.0,0,0
002b_speculation,phases.json,echo,6,6,4,114,1.0,60.86842105263158,0.0,16.473684210526315,0.0,0,0
002b_speculation,phases.json,echo,7,7,4,112,1.0,61.625,0.0,16.544642857142858,0.0,0,0
002b_speculation,phases.json,echo,8,8,4,131,1.0,45.10687022900763,0.0,10.213740458015268,0.0,0,0
002b_speculation,phases.json,echo,9,9,3,114,1.0,41.56140350877193,0.0,10.157894736842104,0.0,0,0
002b_speculation,phases.json,echo,10,10,3,101,1.0,43.99009900990099,11.396039603960396,10.128712871287128,0.0,0,0
002b_speculation,phases.json,single2,0,0,4,85,1.0,57.44705882352941,0.0,17.75294117647059,0.0,0,0
002b_speculation,phases.json,single2,1,1,4,85,1.0,55.37647058823529,0.0,16.623529411764707,0.0,0,0
002b_speculation,phases.json,single2,2,2,4,85,1.0,55.49411764705882,0.0,16.823529411764707,0.0,0,0
002b_speculation,phases.json,single2,3,3,4,85,1.0,56.09411764705882,0.0,16.71764705882353,0.0,0,0
002b_speculation,phases.json,single2,4,4,4,87,1.0,56.04597701149425,0.0,16.816091954022987,0.0,0,0
002b_speculation,phases.json,single2,5,5,4,80,1.0,56.55,0.0,16.925,0.0,0,0
002b_speculation,phases.json,single2,6,6,3,48,1.0,54.916666666666664,0.0,17.0625,0.0,0,0
002b_speculation,phases.json,single2,7,7,3,47,1.0,54.38297872340426,0.0,16.53191489361702,0.0,0,0
002b_speculation,phases.json,single2,8,8,2,42,1.0,36.595238095238095,0.0,9.880952380952381,0.0,0,0
002b_speculation,phases.json,single2,9,9,3,46,1.0,37.69565217391305,0.0,10.434782608695652,0.0,0,0
002b_speculation,phases.json,single2,10,10,3,43,1.0,38.93023255813954,11.372093023255815,10.255813953488373,0.0,0,0
003_per_rank_ab,phases.json,fresh1,0,0,3,268,1.0,61.6044776119403,0.0,16.847014925373134,0.0,0,0
003_per_rank_ab,phases.json,fresh1,1,1,3,268,1.0,57.45522388059702,0.0,16.16417910447761,0.0,0,0
003_per_rank_ab,phases.json,fresh1,2,2,3,268,1.0,67.57462686567165,0.0,16.526119402985074,0.0,0,0
003_per_rank_ab,phases.json,fresh1,3,3,3,268,1.0,78.88059701492537,0.0,16.686567164179106,0.0,0,0
003_per_rank_ab,phases.json,fresh1,4,4,3,268,1.0,62.507462686567166,0.0,16.75,0.0,0,0
003_per_rank_ab,phases.json,fresh1,5,5,3,253,1.0,54.44664031620553,0.0,16.363636363636363,0.0,0,0
003_per_rank_ab,phases.json,fresh1,6,6,3,247,1.0,50.121457489878544,0.0,12.34412955465587,10.708502024291498,0,0
003_per_rank_ab,phases.json,fresh1,7,7,3,253,1.0,59.41501976284585,0.0,17.007905138339922,0.0,0,0
003_per_rank_ab,phases.json,fresh1,8,8,3,249,1.0,39.40562248995984,0.0,10.036144578313253,0.0,0,0
003_per_rank_ab,phases.json,fresh1,9,9,3,253,1.0,38.83794466403162,0.0,9.972332015810277,0.0,0,0
003_per_rank_ab,phases.json,fresh1,10,10,3,268,1.0,39.8134328358209,11.369402985074627,10.022388059701493,0.0,0,0
003_per_rank_ab,phases.json,s48,0,0,13,669,4.242152466367713,127.75037369207773,0.0,21.41255605381166,0.0,0,0
003_per_rank_ab,phases.json,s48,1,1,14,700,4.098571428571429,132.24428571428572,0.0,19.96,0.0,0,0
003_per_rank_ab,phases.json,s48,2,2,14,701,4.098430813124108,151.5848787446505,0.0,20.379457917261057,0.0,0,0
003_per_rank_ab,phases.json,s48,3,3,14,699,4.09728183118741,186.5021459227468,0.0,19.628040057224606,0.0,0,0
003_per_rank_ab,phases.json,s48,4,4,14,701,4.102710413694722,145.88873038516405,0.0,20.450784593437945,0.0,0,0
003_per_rank_ab,phases.json,s48,5,5,14,723,4.022130013831259,132.77869986168741,0.0,19.254495159059474,0.0,0,0
003_per_rank_ab,phases.json,s48,6,6,14,691,4.163531114327062,99.72937771345876,0.0,15.583212735166425,26.38929088277858,0,0
003_per_rank_ab,phases.json,s48,7,7,13,637,4.237048665620094,129.2087912087912,0.0,19.998430141287283,0.0,0,0
003_per_rank_ab,phases.json,s48,8,8,13,630,4.233333333333333,96.9952380952381,0.0,12.471428571428572,0.0,0,0
003_per_rank_ab,phases.json,s48,9,9,13,631,4.23296354992076,94.63708399366085,0.0,12.44215530903328,0.0,0,0
003_per_rank_ab,phases.json,s48,10,10,13,659,4.098634294385432,85.92564491654021,12.729893778452201,12.3247344461305,0.0,0,0
003_per_rank_ab,phases.json,s176,0,0,16,348,14.172413793103448,305.9051724137931,0.0,25.451149425287355,0.0,0,0
003_per_rank_ab,phases.json,s176,1,1,16,341,14.129032258064516,329.2844574780059,0.0,24.158357771261,0.0,0,0
003_per_rank_ab,phases.json,s176,2,2,16,346,13.991329479768787,351.91329479768785,0.0,24.49421965317919,0.0,0,0
003_per_rank_ab,phases.json,s176,3,3,16,344,13.94767441860465,454.68023255813955,0.0,23.232558139534884,0.0,0,0
003_per_rank_ab,phases.json,s176,4,4,16,342,13.944444444444445,334.0263157894737,0.0,24.25438596491228,0.0,0,0
003_per_rank_ab,phases.json,s176,5,5,17,361,13.79224376731302,297.8365650969529,0.0,22.817174515235457,0.0,0,0
003_per_rank_ab,phases.json,s176,6,6,16,314,15.10828025477707,253.6624203821656,0.0,20.54140127388535,71.19108280254777,0,0
003_per_rank_ab,phases.json,s176,7,7,16,364,13.489010989010989,295.8159340659341,0.0,23.86813186813187,0.0,0,0
003_per_rank_ab,phases.json,s176,8,8,16,368,13.342391304347826,203.07608695652175,0.0,15.089673913043478,0.0,0,0
003_per_rank_ab,phases.json,s176,9,9,16,370,13.302702702702703,194.3189189189189,0.0,15.013513513513514,0.0,0,0
003_per_rank_ab,phases.json,s176,10,10,16,361,13.504155124653739,179.6426592797784,16.002770083102494,15.00831024930748,0.0,0,0
004_row_gemm_prewarm_batchadmit,phases.json,single,0,0,2,141,1.0,62.00709219858156,0.0,17.170212765957448,0.0,0,0
004_row_gemm_prewarm_batchadmit,phases.json,single,1,1,2,128,1.0,56.7265625,0.0,15.9375,0.0,0,0
004_row_gemm_prewarm_batchadmit,phases.json,single,2,2,2,135,1.0,57.162962962962965,0.0,16.066666666666666,0.0,0,0
004_row_gemm_prewarm_batchadmit,phases.json,single,3,3,2,142,1.0,57.88732394366197,0.0,16.08450704225352,0.0,0,0
004_row_gemm_prewarm_batchadmit,phases.json,single,4,4,2,140,1.0,57.91428571428571,0.0,16.228571428571428,0.0,0,0
004_row_gemm_prewarm_batchadmit,phases.json,single,5,5,2,140,1.0,58.05,0.0,16.12857142857143,0.0,0,0
004_row_gemm_prewarm_batchadmit,phases.json,single,6,6,2,140,1.0,57.27857142857143,0.0,16.035714285714285,0.0,0,0
004_row_gemm_prewarm_batchadmit,phases.json,single,7,7,2,147,1.0,57.70068027210884,0.0,16.156462585034014,0.0,0,0
004_row_gemm_prewarm_batchadmit,phases.json,single,8,8,2,147,1.0,39.63265306122449,0.0,9.965986394557824,0.0,0,0
004_row_gemm_prewarm_batchadmit,phases.json,single,9,9,2,155,1.0,38.10967741935484,0.0,9.96774193548387,0.0,0,0
004_row_gemm_prewarm_batchadmit,phases.json,single,10,10,2,155,1.0,40.406451612903226,11.67741935483871,10.12258064516129,0.0,0,0
004_row_gemm_prewarm_batchadmit,phases.json,s11,0,0,6,646,1.0,63.029411764705884,0.0,17.010835913312693,0.0,0,0
004_row_gemm_prewarm_batchadmit,phases.json,s11,1,1,6,687,1.0,57.52838427947598,0.0,15.803493449781659,0.0,0,0
004_row_gemm_prewarm_batchadmit,phases.json,s11,2,2,5,551,1.0,57.148820326678766,0.0,15.842105263157896,0.0,0,0
004_row_gemm_prewarm_batchadmit,phases.json,s11,3,3,5,560,1.0,57.683928571428574,0.0,15.878571428571428,0.0,0,0
004_row_gemm_prewarm_batchadmit,phases.json,s11,4,4,5,560,1.0,57.551785714285714,0.0,15.866071428571429,0.0,0,0
004_row_gemm_prewarm_batchadmit,phases.json,s11,5,5,5,575,1.0,58.03304347826087,0.0,15.914782608695653,0.0,0,0
004_row_gemm_prewarm_batchadmit,phases.json,s11,6,6,5,590,1.0,57.26779661016949,0.0,15.888135593220339,0.0,0,0
004_row_gemm_prewarm_batchadmit,phases.json,s11,7,7,5,617,1.0,58.05672609400324,0.0,15.909238249594814,0.0,0,0
004_row_gemm_prewarm_batchadmit,phases.json,s11,8,8,5,626,1.0,39.03674121405751,0.0,9.869009584664537,0.0,0,0
004_row_gemm_prewarm_batchadmit,phases.json,s11,9,9,5,629,1.0,38.492845786963436,0.0,9.772655007949126,0.0,0,0
004_row_gemm_prewarm_batchadmit,phases.json,s11,10,10,5,640,1.0,40.5046875,11.6484375,9.8703125,0.0,0,0
004_row_gemm_prewarm_batchadmit,phases.json,s48,0,0,12,680,3.9661764705882354,129.58529411764707,0.0,21.03529411764706,0.0,0,0
004_row_gemm_prewarm_batchadmit,phases.json,s48,1,1,10,611,4.217675941080197,148.1783960720131,0.0,19.970540098199674,0.0,0,0
004_row_gemm_prewarm_batchadmit,phases.json,s48,2,2,11,746,3.6501340482573728,128.48257372654155,0.0,19.410187667560322,0.0,0,0
004_row_gemm_prewarm_batchadmit,phases.json,s48,3,3,12,739,3.711772665764547,131.91204330175913,0.0,19.37618403247632,0.0,0,0
004_row_gemm_prewarm_batchadmit,phases.json,s48,4,4,12,724,3.772099447513812,131.2596685082873,0.0,19.5414364640884,0.0,0,0
004_row_gemm_prewarm_batchadmit,phases.json,s48,5,5,11,703,3.8321479374110954,129.8221906116643,0.0,19.561877667140823,0.0,0,0
004_row_gemm_prewarm_batchadmit,phases.json,s48,6,6,10,672,3.9032738095238093,129.49255952380952,0.0,19.677083333333332,0.0,0,0
004_row_gemm_prewarm_batchadmit,phases.json,s48,7,7,11,671,3.9225037257824145,133.451564828614,0.0,19.546944858420268,0.0,0,0
004_row_gemm_prewarm_batchadmit,phases.json,s48,8,8,12,676,3.8579881656804735,91.19526627218934,0.0,12.168639053254438,0.0,0,0
004_row_gemm_prewarm_batchadmit,phases.json,s48,9,9,11,659,3.8543247344461307,89.2731411229135,0.0,12.195751138088012,0.0,0,0
004_row_gemm_prewarm_batchadmit,phases.json,s48,10,10,11,653,3.8269525267993876,83.55283307810107,12.926493108728943,12.211332312404288,0.0,0,0
004_row_gemm_prewarm_batchadmit,phases.json,s96,0,0,17,686,6.488338192419825,185.71428571428572,0.0,22.293002915451893,0.0,0,0
004_row_gemm_prewarm_batchadmit,phases.json,s96,1,1,16,624,6.9743589743589745,223.56570512820514,0.0,21.65544871794872,0.0,0,0
004_row_gemm_prewarm_batchadmit,phases.json,s96,2,2,16,704,6.409090909090909,205.2911931818182,0.0,21.428977272727273,0.0,0,0
004_row_gemm_prewarm_batchadmit,phases.json,s96,3,3,16,708,6.391242937853107,208.68785310734464,0.0,21.316384180790962,0.0,0,0
004_row_gemm_prewarm_batchadmit,phases.json,s96,4,4,17,727,6.266850068775791,202.02338376891333,0.0,21.254470426409902,0.0,0,0
004_row_gemm_prewarm_batchadmit,phases.json,s96,5,5,17,725,6.285517241379311,194.4648275862069,0.0,21.282758620689656,0.0,0,0
004_row_gemm_prewarm_batchadmit,phases.json,s96,6,6,17,690,6.6173913043478265,197.03333333333333,0.0,21.5,0.0,0,0
004_row_gemm_prewarm_batchadmit,phases.json,s96,7,7,19,700,6.7057142857142855,204.56714285714287,0.0,21.282857142857143,0.0,0,0
004_row_gemm_prewarm_batchadmit,phases.json,s96,8,8,21,693,6.740259740259741,134.26695526695528,0.0,13.502164502164502,0.0,0,0
004_row_gemm_prewarm_batchadmit,phases.json,s96,9,9,20,675,6.862222222222222,131.9037037037037,0.0,13.503703703703703,0.0,0,0
004_row_gemm_prewarm_batchadmit,phases.json,s96,10,10,20,665,6.957894736842105,120.8796992481203,14.169924812030075,13.673684210526316,0.0,0,0
005_short_steps,phases.json,s48,0,0,11,694,4.193083573487032,135.04899135446686,0.0,21.21037463976945,0.0,0,0
005_short_steps,phases.json,s48,1,1,11,695,4.189928057553957,148.22589928057553,0.0,19.99568345323741,0.0,0,0
005_short_steps,phases.json,s48,2,2,11,695,4.189928057553957,143.01294964028776,0.0,20.132374100719424,0.0,0,0
005_short_steps,phases.json,s48,3,3,11,694,4.193083573487032,145.87175792507205,0.0,20.02449567723343,0.0,0,0
005_short_steps,phases.json,s48,4,4,12,650,4.25076923076923,143.70923076923077,0.0,20.12153846153846,0.0,0,0
005_short_steps,phases.json,s48,5,5,11,663,4.244343891402715,140.77978883861238,0.0,20.05580693815988,0.0,0,0
005_short_steps,phases.json,s48,6,6,11,666,4.2207207207207205,139.2117117117117,0.0,20.05855855855856,0.0,0,0
005_short_steps,phases.json,s48,7,7,10,601,4.229617304492512,143.03826955074877,0.0,19.945091514143094,0.0,0,0
005_short_steps,phases.json,s48,8,8,11,649,4.2326656394453,96.62403697996918,0.0,12.466872110939908,0.0,0,0
005_short_steps,phases.json,s48,9,9,11,665,4.221052631578948,94.56691729323309,0.0,12.4,0.0,0,0
005_short_steps,phases.json,s48,10,10,10,666,4.2492492492492495,88.8993993993994,12.812312312312311,12.427927927927929,0.0,0,0
005_short_steps,phases.json,fresh1,0,0,3,242,1.0,60.97520661157025,0.0,17.09917355371901,0.0,0,0
005_short_steps,phases.json,fresh1,1,1,2,168,1.0,56.48809523809524,0.0,16.041666666666668,0.0,0,0
005_short_steps,phases.json,fresh1,2,2,2,159,1.0,57.144654088050316,0.0,16.037735849056602,0.0,0,0
005_short_steps,phases.json,fresh1,3,3,2,152,1.0,57.68421052631579,0.0,16.085526315789473,0.0,0,0
005_short_steps,phases.json,fresh1,4,4,3,188,1.5053191489361701,73.70212765957447,0.0,17.05851063829787,0.0,0,0
005_short_steps,phases.json,fresh1,5,5,3,166,1.283132530120482,66.73493975903614,0.0,16.716867469879517,0.0,0,0
005_short_steps,phases.json,fresh1,6,6,3,144,1.0833333333333333,59.791666666666664,0.0,16.34722222222222,0.0,0,0
005_short_steps,phases.json,fresh1,7,7,3,188,1.7765957446808511,80.9627659574468,0.0,17.398936170212767,0.0,0,0
005_short_steps,phases.json,fresh1,8,8,3,179,1.6480446927374302,51.53072625698324,0.0,10.53072625698324,0.0,0,0
005_short_steps,phases.json,fresh1,9,9,3,163,1.3680981595092025,45.828220858895705,0.0,10.368098159509202,0.0,0,0
005_short_steps,phases.json,fresh1,10,10,3,158,1.2784810126582278,44.639240506329116,11.518987341772151,10.272151898734178,0.0,0,0
005_short_steps,phases.json,s176,0,0,19,479,15.254697286012526,355.59707724425886,0.0,25.400835073068894,0.0,0,0
005_short_steps,phases.json,s176,1,1,22,521,14.24376199616123,378.26103646833013,0.0,23.618042226487525,0.0,0,0
005_short_steps,phases.json,s176,2,2,22,525,14.219047619047618,357.4761904761905,0.0,24.52190476190476,0.0,0,0
005_short_steps,phases.json,s176,3,3,22,531,14.2015065913371,359.4952919020716,0.0,24.295668549905837,0.0,0,0
005_short_steps,phases.json,s176,4,4,22,530,14.226415094339623,348.29811320754715,0.0,24.830188679245282,0.0,0,0
005_short_steps,phases.json,s176,5,5,24,541,14.035120147874308,333.33086876155267,0.0,24.621072088724585,0.0,0,0
005_short_steps,phases.json,s176,6,6,22,526,14.290874524714829,331.4296577946768,0.0,24.46577946768061,0.0,0,0
005_short_steps,phases.json,s176,7,7,22,530,14.271698113207547,345.6264150943396,0.0,24.08301886792453,0.0,0,0
005_short_steps,phases.json,s176,8,8,22,519,14.404624277456648,224.47013487475914,0.0,15.468208092485549,0.0,0,0
005_short_steps,phases.json,s176,9,9,22,511,14.520547945205479,217.5440313111546,0.0,15.434442270058709,0.0,0,0
005_short_steps,phases.json,s176,10,10,22,525,14.062857142857142,194.36380952380952,16.226666666666667,15.201904761904762,0.0,0,0
005_short_steps,phases.json,fresh2,0,0,3,323,1.0,61.89783281733746,0.0,17.065015479876163,0.0,0,0
005_short_steps,phases.json,fresh2,1,1,3,265,1.4264150943396225,68.90943396226415,0.0,16.452830188679247,0.0,0,0
005_short_steps,phases.json,fresh2,2,2,3,266,1.406015037593985,69.15789473684211,0.0,16.49624060150376,0.0,0,0
005_short_steps,phases.json,fresh2,3,3,3,260,1.4153846153846155,70.48076923076923,0.0,16.465384615384615,0.0,0,0
005_short_steps,phases.json,fresh2,4,4,3,263,1.4106463878326996,70.0532319391635,0.0,16.570342205323193,0.0,0,0
005_short_steps,phases.json,fresh2,5,5,3,255,1.4,69.52941176470588,0.0,16.666666666666668,0.0,0,0
005_short_steps,phases.json,fresh2,6,6,3,251,1.450199203187251,69.72509960159363,0.0,16.55776892430279,0.0,0,0
005_short_steps,phases.json,fresh2,7,7,3,244,1.3360655737704918,68.26639344262296,0.0,16.475409836065573,0.0,0,0
005_short_steps,phases.json,fresh2,8,8,3,237,1.2151898734177216,42.91139240506329,0.0,10.139240506329115,0.0,0,0
005_short_steps,phases.json,fresh2,9,9,3,230,1.1043478260869566,40.02173913043478,0.0,9.960869565217392,0.0,0,0
005_short_steps,phases.json,fresh2,10,10,3,211,1.0,40.540284360189574,11.407582938388625,10.023696682464456,0.0,0,0
005_short_steps,phases.json,echo,0,0,3,250,1.0,62.436,0.0,16.808,0.0,0,0
005_short_steps,phases.json,echo,1,1,4,354,1.0,58.813559322033896,0.0,16.180790960451976,0.0,0,0
005_short_steps,phases.json,echo,2,2,4,342,1.0,58.69005847953216,0.0,16.207602339181285,0.0,0,0
005_short_steps,phases.json,echo,3,3,3,268,1.0,58.649253731343286,0.0,15.988805970149254,0.0,0,0
005_short_steps,phases.json,echo,4,4,3,252,1.0,58.51190476190476,0.0,16.174603174603174,0.0,0,0
005_short_steps,phases.json,echo,5,5,3,259,1.0,58.996138996138995,0.0,16.285714285714285,0.0,0,0
005_short_steps,phases.json,echo,6,6,3,260,1.0,58.26538461538462,0.0,16.03076923076923,0.0,0,0
005_short_steps,phases.json,echo,7,7,3,250,1.0,59.2,0.0,16.104,0.0,0,0
005_short_steps,phases.json,echo,8,8,3,234,1.0,39.62820512820513,0.0,9.935897435897436,0.0,0,0
005_short_steps,phases.json,echo,9,9,3,222,1.0,39.648648648648646,0.0,9.927927927927929,0.0,0,0
005_short_steps,phases.json,echo,10,10,3,217,1.0,41.0184331797235,11.40552995391705,10.101382488479263,0.0,0,0
006_admit_while_waiting,phases.json,s48,0,0,10,654,4.220183486238532,138.59327217125383,0.0,21.270642201834864,0.0,0,0
006_admit_while_waiting,phases.json,s48,1,1,10,655,4.229007633587786,150.7709923664122,0.0,20.099236641221374,0.0,0,0
006_admit_while_waiting,phases.json,s48,2,2,10,655,4.201526717557252,148.5114503816794,0.0,20.21526717557252,0.0,0,0
006_admit_while_waiting,phases.json,s48,3,3,10,656,4.184451219512195,151.1128048780488,0.0,20.09451219512195,0.0,0,0
006_admit_while_waiting,phases.json,s48,4,4,10,633,4.257503949447077,147.1563981042654,0.0,20.181674565560822,0.0,0,0
006_admit_while_waiting,phases.json,s48,5,5,10,648,4.256172839506172,143.17592592592592,0.0,20.128086419753085,0.0,0,0
006_admit_while_waiting,phases.json,s48,6,6,10,651,4.2519201228878645,141.80491551459292,0.0,20.152073732718893,0.0,0,0
006_admit_while_waiting,phases.json,s48,7,7,11,671,4.14903129657228,142.86736214605068,0.0,19.87630402384501,0.0,0,0
006_admit_while_waiting,phases.json,s48,8,8,11,661,4.195158850226929,96.2874432677761,0.0,12.366111951588502,0.0,0,0
006_admit_while_waiting,phases.json,s48,9,9,11,659,4.229135053110774,95.05007587253414,0.0,12.447647951441578,0.0,0,0
006_admit_while_waiting,phases.json,s48,10,10,11,685,4.1007299270073,87.43941605839416,12.741605839416058,12.4,0.0,0,0
006_admit_while_waiting,phases.json,s264,0,0,16,318,20.270440251572328,424.7358490566038,0.0,27.89937106918239,0.0,0,0
006_admit_while_waiting,phases.json,s264,1,1,17,340,19.15,472.4235294117647,0.0,27.21470588235294,0.0,0,0
006_admit_while_waiting,phases.json,s264,2,2,17,334,19.239520958083833,433.7784431137725,0.0,27.781437125748504,0.0,0,0
006_admit_while_waiting,phases.json,s264,3,3,17,327,19.68807339449541,447.74311926605503,0.0,27.69418960244648,0.0,0,0
006_admit_while_waiting,phases.json,s264,4,4,16,355,17.980281690140846,395.8112676056338,0.0,27.12676056338028,0.0,0,0
006_admit_while_waiting,phases.json,s264,5,5,16,337,18.700296735905045,400.58456973293767,0.0,27.29080118694362,0.0,0,0
006_admit_while_waiting,phases.json,s264,6,6,16,337,18.64985163204748,395.8783382789318,0.0,26.991097922848663,0.0,0,0
006_admit_while_waiting,phases.json,s264,7,7,16,353,18.022662889518415,403.4787535410765,0.0,26.376770538243626,0.0,0,0
006_admit_while_waiting,phases.json,s264,8,8,16,354,17.991525423728813,251.48870056497177,0.0,18.096045197740114,0.0,0,0
006_admit_while_waiting,phases.json,s264,9,9,16,351,18.068376068376068,244.56980056980058,0.0,18.09116809116809,0.0,0,0
006_admit_while_waiting,phases.json,s264,10,10,16,356,17.620786516853933,215.81460674157304,17.70505617977528,17.05056179775281,0.0,0,0
006_admit_while_waiting,phases.json,fresh1,0,0,3,293,1.0,61.47098976109215,0.0,16.996587030716725,0.0,0,0
006_admit_while_waiting,phases.json,fresh1,1,1,3,223,1.2780269058295963,64.55156950672645,0.0,16.385650224215247,0.0,0,0
006_admit_while_waiting,phases.json,fresh1,2,2,3,209,1.124401913875598,59.995215311004785,0.0,16.167464114832537,0.0,0,0
006_admit_while_waiting,phases.json,fresh1,3,3,3,217,1.2027649769585254,63.3963133640553,0.0,16.27188940092166,0.0,0,0
006_admit_while_waiting,phases.json,fresh1,4,4,2,189,1.0,57.71957671957672,0.0,16.052910052910054,0.0,0,0
006_admit_while_waiting,phases.json,fresh1,5,5,2,192,1.0,58.046875,0.0,15.973958333333334,0.0,0,0
006_admit_while_waiting,phases.json,fresh1,6,6,3,227,1.550660792951542,72.28193832599119,0.0,16.537444933920703,0.0,0,0
006_admit_while_waiting,phases.json,fresh1,7,7,3,214,1.2429906542056075,65.00467289719626,0.0,16.35514018691589,0.0,0,0
006_admit_while_waiting,phases.json,fresh1,8,8,3,208,1.2115384615384615,43.42307692307692,0.0,10.096153846153847,0.0,0,0
006_admit_while_waiting,phases.json,fresh1,9,9,3,198,1.1161616161616161,40.601010101010104,0.0,10.045454545454545,0.0,0,0
006_admit_while_waiting,phases.json,fresh1,10,10,3,180,1.0055555555555555,39.63333333333333,11.338888888888889,9.811111111111112,0.0,0,0
007_fused_f16_all,phases.json,fresh1,0,0,2,278,1.0,48.12589928057554,0.0,11.611510791366907,12.089928057553957,0,0
007_fused_f16_all,phases.json,fresh1,1,1,2,274,1.0,45.91970802919708,0.0,11.178832116788321,11.211678832116789,0,0
007_fused_f16_all,phases.json,fresh1,2,2,2,274,1.0,46.48540145985402,0.0,10.978102189781023,11.313868613138686,0,0
007_fused_f16_all,phases.json,fresh1,3,3,2,239,1.0,46.30125523012552,0.0,11.0418410041841,10.878661087866108,0,0
007_fused_f16_all,phases.json,fresh1,4,4,2,228,1.0,46.1140350877193,0.0,11.144736842105264,11.543859649122806,0,0
007_fused_f16_all,phases.json,fresh1,5,5,2,249,1.0,47.87951807228916,0.0,11.987951807228916,11.052208835341366,0,0
007_fused_f16_all,phases.json,fresh1,6,6,2,255,1.0,43.705882352941174,0.0,10.709803921568627,10.701960784313725,0,0
007_fused_f16_all,phases.json,fresh1,7,7,2,258,1.0,45.47286821705426,0.0,11.05813953488372,11.178294573643411,0,0
007_fused_f16_all,phases.json,fresh1,8,8,2,268,1.0,35.92537313432836,0.0,9.567164179104477,9.843283582089553,0,0
007_fused_f16_all,phases.json,fresh1,9,9,2,268,1.0,37.26865671641791,0.0,10.492537313432836,9.921641791044776,0,0
007_fused_f16_all,phases.json,fresh1,10,10,2,268,1.0,36.91417910447761,11.384328358208956,9.462686567164178,9.64179104477612,0,0
007_fused_f16_all,phases.json,s48,0,0,8,689,4.129172714078375,101.92017416545718,0.0,16.134978229317852,32.724238026124816,0,0
007_fused_f16_all,phases.json,s48,1,1,9,726,3.9779614325068873,108.68595041322314,0.0,15.56060606060606,29.10330578512397,0,0
007_fused_f16_all,phases.json,s48,2,2,8,637,4.0847723704866565,106.38932496075353,0.0,15.535321821036106,28.540031397174253,0,0
007_fused_f16_all,phases.json,s48,3,3,8,605,4.24793388429752,109.72396694214876,0.0,15.841322314049586,28.499173553719007,0,0
007_fused_f16_all,phases.json,s48,4,4,8,601,4.256239600665557,108.7703826955075,0.0,15.685524126455906,29.810316139767053,0,0
007_fused_f16_all,phases.json,s48,5,5,8,661,3.9606656580937973,100.8018154311649,0.0,16.562783661119514,26.239031770045386,0,0
007_fused_f16_all,phases.json,s48,6,6,9,731,3.972640218878249,99.39261285909713,0.0,15.26265389876881,26.533515731874147,0,0
007_fused_f16_all,phases.json,s48,7,7,9,731,3.980848153214774,102.19425444596443,0.0,15.246238030095759,27.01504787961696,0,0
007_fused_f16_all,phases.json,s48,8,8,9,727,4.006877579092159,81.94085281980743,0.0,11.272352132049518,24.455295735900965,0,0
007_fused_f16_all,phases.json,s48,9,9,9,732,3.9918032786885247,80.16120218579235,0.0,12.084699453551913,24.128415300546447,0,0
007_fused_f16_all,phases.json,s48,10,10,9,738,3.962059620596206,71.60027100271003,12.602981029810298,11.075880758807589,19.15718157181572,0,0
007_fused_f16_all,phases.json,s176,0,0,9,312,15.198717948717949,248.73717948717947,0.0,19.865384615384617,98.07051282051282,0,0
007_fused_f16_all,phases.json,s176,1,1,9,310,15.270967741935484,289.5967741935484,0.0,19.329032258064515,86.09677419354838,0,0
007_fused_f16_all,phases.json,s176,2,2,9,311,15.234726688102894,269.5755627009646,0.0,19.987138263665596,78.12540192926045,0,0
007_fused_f16_all,phases.json,s176,3,3,10,404,12.415841584158416,228.15346534653466,0.0,18.745049504950494,63.28465346534654,0,0
007_fused_f16_all,phases.json,s176,4,4,10,415,12.11566265060241,219.57590361445784,0.0,18.549397590361444,63.626506024096386,0,0
007_fused_f16_all,phases.json,s176,5,5,10,415,12.048192771084338,209.9734939759036,0.0,19.072289156626507,57.53975903614458,0,0
007_fused_f16_all,phases.json,s176,6,6,9,297,14.622895622895623,245.67340067340066,0.0,19.104377104377104,68.04040404040404,0,0
007_fused_f16_all,phases.json,s176,7,7,9,294,14.727891156462585,255.8877551020408,0.0,19.091836734693878,70.21428571428571,0,0
007_fused_f16_all,phases.json,s176,8,8,9,287,14.881533101045296,193.14982578397212,0.0,13.543554006968641,66.24738675958189,0,0
007_fused_f16_all,phases.json,s176,9,9,9,281,15.088967971530248,186.80782918149467,0.0,13.95017793594306,64.01423487544484,0,0
007_fused_f16_all,phases.json,s176,10,10,9,273,15.501831501831502,165.4102564102564,16.633699633699635,14.058608058608058,47.9010989010989,0,0
007_fused_f16_all,phases.json,s264,0,0,12,288,21.604166666666668,355.44097222222223,0.0,22.336805555555557,156.34722222222223,0,0
007_fused_f16_all,phases.json,s264,1,1,13,327,19.63914373088685,375.72477064220186,0.0,21.792048929663608,129.99388379204893,0,0
007_fused_f16_all,phases.json,s264,2,2,13,339,18.825958702064895,337.9085545722714,0.0,21.958702064896755,116.14159292035399,0,0
007_fused_f16_all,phases.json,s264,3,3,13,347,18.256484149855908,327.0028818443804,0.0,21.423631123919307,107.79250720461096,0,0
007_fused_f16_all,phases.json,s264,4,4,13,339,18.6047197640118,326.48082595870204,0.0,21.333333333333332,111.7551622418879,0,0
007_fused_f16_all,phases.json,s264,5,5,12,283,21.003533568904594,343.25088339222617,0.0,22.526501766784452,110.81272084805654,0,0
007_fused_f16_all,phases.json,s264,6,6,11,272,21.727941176470587,355.00367647058823,0.0,22.356617647058822,115.38235294117646,0,0
007_fused_f16_all,phases.json,s264,7,7,12,330,18.881818181818183,327.1939393939394,0.0,21.221212121212123,104.33636363636364,0,0
007_fused_f16_all,phases.json,s264,8,8,13,360,18.525,244.99166666666667,0.0,14.569444444444445,94.65833333333333,0,0
007_fused_f16_all,phases.json,s264,9,9,13,357,18.599439775910366,233.2689075630252,0.0,15.11484593837535,88.78151260504201,0,0
007_fused_f16_all,phases.json,s264,10,10,13,358,18.564245810055866,199.95251396648044,17.737430167597765,14.837988826815643,66.32402234636872,0,0
007_fused_f16_all,phases.json,fresh2,0,0,2,216,1.0,48.166666666666664,0.0,11.569444444444445,12.25462962962963,0,0
007_fused_f16_all,phases.json,fresh2,1,1,1,136,1.0,47.0514705882353,0.0,11.183823529411764,11.198529411764707,0,0
007_fused_f16_all,phases.json,fresh2,2,2,2,162,1.3580246913580247,52.23456790123457,0.0,11.512345679012345,13.302469135802468,0,0
007_fused_f16_all,phases.json,fresh2,3,3,2,135,1.0518518518518518,46.851851851851855,0.0,11.051851851851852,11.237037037037037,0,0
007_fused_f16_all,phases.json,fresh2,4,4,2,126,1.0317460317460319,47.04761904761905,0.0,11.055555555555555,11.793650793650794,0,0
007_fused_f16_all,phases.json,fresh2,5,5,1,119,1.0,47.15126050420168,0.0,11.865546218487395,10.941176470588236,0,0
007_fused_f16_all,phases.json,fresh2,6,6,1,119,1.0,43.57983193277311,0.0,10.61344537815126,10.588235294117647,0,0
007_fused_f16_all,phases.json,fresh2,7,7,2,174,2.6494252873563218,79.54022988505747,0.0,12.942528735632184,20.011494252873565,0,0
007_fused_f16_all,phases.json,fresh2,8,8,2,143,1.6853146853146854,45.94405594405595,0.0,9.979020979020978,12.972027972027972,0,0
007_fused_f16_all,phases.json,fresh2,9,9,2,140,1.7,46.25714285714286,0.0,10.778571428571428,12.978571428571428,0,0
007_fused_f16_all,phases.json,fresh2,10,10,2,143,1.6503496503496504,43.17482517482517,11.643356643356643,9.818181818181818,11.58041958041958,0,0
008a_six_fused_one_rank,phases.json,fresh1,0,0,2,202,1.0,47.613861386138616,0.0,11.648514851485148,11.693069306930694,0,0
008a_six_fused_one_rank,phases.json,fresh1,1,1,2,205,1.0,48.71707317073171,0.0,11.746341463414634,7.517073170731707,0,0
008a_six_fused_one_rank,phases.json,fresh1,2,2,2,204,1.0,47.11274509803921,0.0,11.313725490196079,11.470588235294118,0,0
008a_six_fused_one_rank,phases.json,fresh1,3,3,2,221,1.0,45.42081447963801,0.0,10.959276018099548,11.06787330316742,0,0
008a_six_fused_one_rank,phases.json,fresh1,4,4,2,222,1.0,45.5045045045045,0.0,11.126126126126126,11.14864864864865,0,0
008a_six_fused_one_rank,phases.json,fresh1,5,5,2,227,1.0,47.00440528634361,0.0,11.312775330396477,11.079295154185022,0,0
008a_six_fused_one_rank,phases.json,fresh1,6,6,2,227,1.0,35.80616740088106,0.0,10.986784140969164,21.26872246696035,0,0
008a_six_fused_one_rank,phases.json,fresh1,7,7,2,234,1.0,46.73931623931624,0.0,11.256410256410257,11.196581196581196,0,0
008a_six_fused_one_rank,phases.json,fresh1,8,8,2,235,1.0,36.22127659574468,0.0,9.863829787234042,9.927659574468086,0,0
008a_six_fused_one_rank,phases.json,fresh1,9,9,2,235,1.0,36.45531914893617,0.0,9.86808510638298,9.748936170212765,0,0
008a_six_fused_one_rank,phases.json,fresh1,10,10,2,223,1.0,36.125560538116595,11.650224215246636,9.488789237668161,9.74439461883408,0,0
008a_six_fused_one_rank,phases.json,s176,0,0,10,320,15.58125,240.75625,0.0,19.546875,92.809375,0,0
008a_six_fused_one_rank,phases.json,s176,1,1,11,321,15.504672897196262,313.0747663551402,0.0,21.0,54.64797507788162,0,0
008a_six_fused_one_rank,phases.json,s176,2,2,11,324,15.401234567901234,261.20061728395063,0.0,19.77469135802469,81.05555555555556,0,0
008a_six_fused_one_rank,phases.json,s176,3,3,10,321,15.54828660436137,259.8722741433022,0.0,19.778816199376948,75.85981308411215,0,0
008a_six_fused_one_rank,phases.json,s176,4,4,11,351,14.264957264957266,230.37037037037038,0.0,19.068376068376068,64.31054131054131,0,0
008a_six_fused_one_rank,phases.json,s176,5,5,11,329,14.662613981762918,232.40729483282675,0.0,19.182370820668694,63.98784194528876,0,0
008a_six_fused_one_rank,phases.json,s176,6,6,11,352,14.295454545454545,168.69602272727272,0.0,14.099431818181818,127.45738636363636,0,0
008a_six_fused_one_rank,phases.json,s176,7,7,11,332,14.939759036144578,250.21686746987953,0.0,19.099397590361445,72.89759036144578,0,0
008a_six_fused_one_rank,phases.json,s176,8,8,11,333,15.015015015015015,185.3003003003003,0.0,13.516516516516516,60.57657657657658,0,0
008a_six_fused_one_rank,phases.json,s176,9,9,10,299,14.959866220735785,181.22073578595317,0.0,13.752508361204013,59.45150501672241,0,0
008a_six_fused_one_rank,phases.json,s176,10,10,10,290,15.36551724137931,165.03793103448277,16.66551724137931,14.017241379310345,47.45172413793104,0,0
008b_all_fused,phases.json,fresh1,0,0,1,136,1.0,43.43382352941177,0.0,10.838235294117647,15.448529411764707,0,0
008b_all_fused,phases.json,fresh1,1,1,1,134,1.0,35.276119402985074,0.0,10.485074626865671,21.395522388059703,0,0
008b_all_fused,phases.json,fresh1,2,2,1,134,1.0,35.09701492537314,0.0,10.656716417910447,21.104477611940297,0,0
008b_all_fused,phases.json,fresh1,3,3,1,134,1.0,35.28358208955224,0.0,10.291044776119403,21.395522388059703,0,0
008b_all_fused,phases.json,fresh1,4,4,1,131,1.0,35.51145038167939,0.0,10.297709923664122,21.770992366412212,0,0
008b_all_fused,phases.json,fresh1,5,5,2,284,1.0,35.066901408450704,0.0,9.982394366197184,21.8556338028169,0,0
008b_all_fused,phases.json,fresh1,6,6,2,285,1.0,34.36140350877193,0.0,9.975438596491228,20.63859649122807,0,0
008b_all_fused,phases.json,fresh1,7,7,2,285,1.0,34.61052631578947,0.0,10.059649122807018,20.76140350877193,0,0
008b_all_fused,phases.json,fresh1,8,8,2,291,1.0,31.398625429553263,0.0,8.962199312714777,19.395189003436425,0,0
008b_all_fused,phases.json,fresh1,9,9,2,278,1.0,31.66187050359712,0.0,9.262589928057555,19.654676258992804,0,0
008b_all_fused,phases.json,fresh1,10,10,2,268,1.0,30.87686567164179,11.552238805970148,8.664179104477611,18.955223880597014,1,1
008b_all_fused,phases.json,s48,0,0,7,655,4.254961832061069,93.13587786259542,0.0,14.541984732824428,41.998473282442745,0,0
008b_all_fused,phases.json,s48,1,1,7,655,4.253435114503817,78.68091603053435,0.0,12.102290076335878,55.12671755725191,0,0
008b_all_fused,phases.json,s48,2,2,8,746,3.85656836461126,71.20509383378015,0.0,12.189008042895443,47.86058981233244,0,0
008b_all_fused,phases.json,s48,3,3,7,656,4.254573170731708,77.4375,0.0,11.995426829268293,52.19664634146341,0,0
008b_all_fused,phases.json,s48,4,4,7,658,4.25531914893617,79.90273556231003,0.0,13.425531914893616,53.09118541033435,0,0
008b_all_fused,phases.json,s48,5,5,8,668,4.206586826347305,76.06586826347305,0.0,11.754491017964073,53.25449101796407,0,0
008b_all_fused,phases.json,s48,6,6,8,664,4.210843373493976,72.11746987951807,0.0,11.534638554216867,49.5316265060241,0,0
008b_all_fused,phases.json,s48,7,7,7,638,4.219435736677116,74.5141065830721,0.0,11.945141065830722,51.007836990595614,0,0
008b_all_fused,phases.json,s48,8,8,7,631,4.255150554675119,68.90332805071316,0.0,10.321711568938193,48.1838351822504,0,0
008b_all_fused,phases.json,s48,9,9,7,631,4.255150554675119,68.66719492868462,0.0,10.774960380348652,47.47543581616482,0,0
008b_all_fused,phases.json,s48,10,10,6,635,4.244094488188976,59.201574803149605,12.771653543307087,10.11968503937008,38.60629921259842,3,3
008b_all_fused,phases.json,s176,0,0,7,298,15.869127516778523,229.45637583892616,0.0,17.550335570469798,127.89261744966443,0,0
008b_all_fused,phases.json,s176,1,1,9,382,13.460732984293193,192.0628272251309,0.0,13.934554973821989,141.10994764397907,0,0
008b_all_fused,phases.json,s176,2,2,8,326,14.38036809815951,179.83742331288343,0.0,14.236196319018404,129.38036809815952,0,0
008b_all_fused,phases.json,s176,3,3,8,329,14.45288753799392,203.4437689969605,0.0,14.25835866261398,131.56838905775075,0,0
008b_all_fused,phases.json,s176,4,4,8,327,14.513761467889909,192.74311926605503,0.0,14.339449541284404,131.05810397553518,0,0
008b_all_fused,phases.json,s176,5,5,8,328,14.50609756097561,173.35670731707316,0.0,13.762195121951219,134.0762195121951,0,0
008b_all_fused,phases.json,s176,6,6,8,336,14.395833333333334,164.0297619047619,0.0,13.532738095238095,124.4047619047619,0,0
008b_all_fused,phases.json,s176,7,7,8,359,13.735376044568245,162.1699164345404,0.0,13.495821727019498,124.86908077994428,0,0
008b_all_fused,phases.json,s176,8,8,8,359,13.651810584958218,170.05292479108635,0.0,16.21727019498607,117.24791086350974,0,0
008b_all_fused,phases.json,s176,9,9,8,358,13.645251396648044,159.731843575419,0.0,12.268156424581006,112.79608938547486,0,0
008b_all_fused,phases.json,s176,10,10,8,364,13.217032967032967,130.14285714285714,15.774725274725276,11.917582417582418,84.8076923076923,0,0
008b_all_fused,phases.json,s352,0,0,8,203,22.039408866995075,319.2857142857143,0.0,20.60591133004926,194.6305418719212,0,0
008b_all_fused,phases.json,s352,1,1,8,203,22.039408866995075,377.7536945812808,0.0,18.295566502463053,261.064039408867,0,0
008b_all_fused,phases.json,s352,2,2,8,203,22.039408866995075,326.58128078817737,0.0,18.64039408866995,223.4729064039409,0,0
008b_all_fused,phases.json,s352,3,3,8,206,21.902912621359224,331.3398058252427,0.0,18.446601941747574,225.68446601941747,0,0
008b_all_fused,phases.json,s352,4,4,8,206,21.902912621359224,266.86893203883494,0.0,16.4126213592233,216.39320388349515,0,0
008b_all_fused,phases.json,s352,5,5,8,211,21.66350710900474,263.1706161137441,0.0,15.872037914691942,213.25118483412322,0,0
008b_all_fused,phases.json,s352,6,6,9,253,19.047430830039527,229.68379446640316,0.0,14.964426877470355,181.37154150197628,0,0
008b_all_fused,phases.json,s352,7,7,9,270,18.262962962962963,228.26666666666668,0.0,15.444444444444445,182.7111111111111,0,0
008b_all_fused,phases.json,s352,8,8,9,265,18.29433962264151,230.49433962264152,0.0,13.837735849056603,169.65283018867925,0,0
008b_all_fused,phases.json,s352,9,9,9,266,18.24436090225564,219.73684210526315,0.0,13.834586466165414,161.84962406015038,0,0
008b_all_fused,phases.json,s352,10,10,8,207,20.48792270531401,219.3913043478261,18.51207729468599,14.584541062801932,140.53140096618358,0,0
008b_all_fused,phases.json,fresh2,0,0,2,219,1.0,43.926940639269404,0.0,11.091324200913242,15.662100456621005,0,0
008b_all_fused,phases.json,fresh2,1,1,2,162,3.246913580246914,68.5246913580247,0.0,11.623456790123457,45.611111111111114,0,0
008b_all_fused,phases.json,fresh2,2,2,1,99,1.0,35.75757575757576,0.0,10.626262626262626,21.01010101010101,0,0
008b_all_fused,phases.json,fresh2,3,3,2,149,2.9395973154362416,60.57046979865772,0.0,11.409395973154362,39.281879194630875,0,0
008b_all_fused,phases.json,fresh2,4,4,2,153,2.888888888888889,57.58169934640523,0.0,10.862745098039216,39.11764705882353,0,0
008b_all_fused,phases.json,fresh2,5,5,2,147,2.4625850340136055,52.74149659863946,0.0,10.551020408163266,35.564625850340136,0,0
008b_all_fused,phases.json,fresh2,6,6,2,147,2.4625850340136055,50.23809523809524,0.0,10.551020408163266,33.61904761904762,0,0
008b_all_fused,phases.json,fresh2,7,7,2,121,1.4710743801652892,40.239669421487605,0.0,10.429752066115702,25.082644628099175,0,0
008b_all_fused,phases.json,fresh2,8,8,2,115,1.391304347826087,35.78260869565217,0.0,9.043478260869565,22.782608695652176,0,0
008b_all_fused,phases.json,fresh2,9,9,1,22,2.8636363636363638,53.27272727272727,0.0,10.590909090909092,36.0,0,0
008b_all_fused,phases.json,fresh2,10,10,1,68,8.926470588235293,98.98529411764706,14.941176470588236,11.5,62.294117647058826,0,0
009_dense_igpu,phases.json,fresh1,0,0,2,299,1.0,44.458193979933114,0.0,9.591973244147157,14.37458193979933,0,0
009_dense_igpu,phases.json,fresh1,1,1,2,300,1.0,35.666666666666664,0.0,10.12,21.22,0,0
009_dense_igpu,phases.json,fresh1,2,2,2,300,1.0,34.99,0.0,10.51,20.97,0,0
009_dense_igpu,phases.json,fresh1,3,3,2,299,1.0,34.92307692307692,0.0,10.361204013377927,20.986622073578594,0,0
009_dense_igpu,phases.json,fresh1,4,4,1,201,1.0,34.830845771144276,0.0,10.164179104477611,20.870646766169155,0,0
009_dense_igpu,phases.json,fresh1,5,5,1,201,1.0,33.86069651741293,0.0,10.134328358208956,20.437810945273633,0,0
009_dense_igpu,phases.json,fresh1,6,6,1,200,1.0,34.765,0.0,10.105,20.9,0,0
009_dense_igpu,phases.json,fresh1,7,7,2,306,1.0,35.009803921568626,0.0,10.00326797385621,21.42156862745098,0,0
009_dense_igpu,phases.json,fresh1,8,8,2,311,1.0,31.691318327974276,0.0,8.97749196141479,19.810289389067524,0,0
009_dense_igpu,phases.json,fresh1,9,9,2,312,1.0,31.5,0.0,8.977564102564102,19.503205128205128,0,0
009_dense_igpu,phases.json,fresh1,10,10,2,312,1.0,30.955128205128204,11.365384615384615,8.647435897435898,19.227564102564102,2,2
009_dense_igpu,phases.json,s176,0,0,7,302,15.5,184.2251655629139,0.0,14.443708609271523,123.56291390728477,0,0
009_dense_igpu,phases.json,s176,1,1,7,303,15.366336633663366,217.3828382838284,0.0,14.05940594059406,160.59735973597358,0,0
009_dense_igpu,phases.json,s176,2,2,7,304,15.210526315789474,190.41118421052633,0.0,14.694078947368421,142.94736842105263,0,0
009_dense_igpu,phases.json,s176,3,3,7,294,15.931972789115646,221.1326530612245,0.0,14.605442176870747,150.7517006802721,0,0
009_dense_igpu,phases.json,s176,4,4,8,388,12.242268041237113,142.58247422680412,0.0,13.126288659793815,106.79381443298969,0,0
009_dense_igpu,phases.json,s176,5,5,8,380,12.639473684210527,145.63947368421051,0.0,13.213157894736842,110.05263157894737,0,0
009_dense_igpu,phases.json,s176,6,6,8,361,13.282548476454293,161.3185595567867,0.0,13.096952908587257,120.37119113573407,0,0
009_dense_igpu,phases.json,s176,7,7,8,309,15.349514563106796,195.02265372168284,0.0,13.705501618122977,146.70550161812298,0,0
009_dense_igpu,phases.json,s176,8,8,8,304,15.585526315789474,183.4078947368421,0.0,12.299342105263158,138.10526315789474,0,0
009_dense_igpu,phases.json,s176,9,9,8,305,15.580327868852459,169.79016393442623,0.0,12.426229508196721,124.96065573770491,0,0
009_dense_igpu,phases.json,s176,10,10,8,307,15.52442996742671,141.628664495114,16.0814332247557,12.348534201954397,97.22801302931596,0,0
009_dense_igpu,phases.json,s352,0,0,10,203,29.38423645320197,342.67487684729065,0.0,18.83743842364532,258.6502463054187,0,0
009_dense_igpu,phases.json,s352,1,1,12,278,23.212230215827336,386.3884892086331,0.0,19.823741007194243,286.431654676259,0,0
009_dense_igpu,phases.json,s352,2,2,11,262,23.366412213740457,339.69465648854964,0.0,19.045801526717558,258.7290076335878,0,0
009_dense_igpu,phases.json,s352,3,3,11,244,25.46311475409836,388.6311475409836,0.0,20.31967213114754,274.594262295082,0,0
009_dense_igpu,phases.json,s352,4,4,11,273,23.333333333333332,308.83516483516485,0.0,17.7985347985348,233.65567765567766,0,0
009_dense_igpu,phases.json,s352,5,5,11,258,24.34108527131783,305.6860465116279,0.0,17.1046511627907,237.4031007751938,0,0
009_dense_igpu,phases.json,s352,6,6,11,256,24.45703125,310.1015625,0.0,17.12890625,248.81640625,0,0
009_dense_igpu,phases.json,s352,7,7,11,259,24.254826254826256,335.5328185328185,0.0,17.555984555984555,268.05791505791507,0,0
009_dense_igpu,phases.json,s352,8,8,11,281,22.551601423487543,290.56583629893237,0.0,14.274021352313166,222.69395017793593,0,0
009_dense_igpu,phases.json,s352,9,9,11,282,22.390070921985817,263.9822695035461,0.0,14.212765957446809,198.36170212765958,0,0
009_dense_igpu,phases.json,s352,10,10,10,227,25.506607929515418,266.352422907489,19.876651982378856,15.916299559471366,183.7136563876652,0,0
009_dense_igpu,phases.json,fresh2,0,0,2,245,1.0,44.49795918367347,0.0,9.657142857142857,14.444897959183674,0,0
009_dense_igpu,phases.json,fresh2,1,1,1,150,1.0,35.486666666666665,0.0,10.333333333333334,20.966666666666665,0,0
009_dense_igpu,phases.json,fresh2,2,2,2,156,1.0,35.55769230769231,0.0,10.576923076923077,20.916666666666668,0,0
009_dense_igpu,phases.json,fresh2,3,3,2,208,2.6875,56.22115384615385,0.0,10.85576923076923,35.99519230769231,0,0
009_dense_igpu,phases.json,fresh2,4,4,2,167,1.311377245508982,38.15568862275449,0.0,10.203592814371257,23.365269461077844,0,0
009_dense_igpu,phases.json,fresh2,5,5,2,171,1.6608187134502923,40.853801169590646,0.0,10.380116959064328,25.304093567251464,0,0
009_dense_igpu,phases.json,fresh2,6,6,1,36,4.305555555555555,67.88888888888889,0.0,10.805555555555555,46.69444444444444,0,0
009_dense_igpu,phases.json,fresh2,7,7,1,33,4.0606060606060606,66.87878787878788,0.0,10.636363636363637,46.303030303030305,0,0
009_dense_igpu,phases.json,fresh2,8,8,1,9,1.6666666666666667,39.333333333333336,0.0,8.777777777777779,25.0,0,0
009_dense_igpu,phases.json,fresh2,9,9,1,5,1.4,35.4,0.0,8.6,21.4,0,0
009_dense_igpu,phases.json,fresh2,10,10,1,51,6.0588235294117645,69.86274509803921,13.568627450980392,10.411764705882353,47.15686274509804,0,0
010_after_seeding,phases.json,fresh1,0,0,1,190,1.0,45.01052631578948,0.0,9.8,14.721052631578948,0,0
010_after_seeding,phases.json,fresh1,1,1,1,199,1.0,35.482412060301506,0.0,10.532663316582914,21.35175879396985,0,0
010_after_seeding,phases.json,fresh1,2,2,1,199,1.0,34.7035175879397,0.0,10.42713567839196,21.0,0,0
010_after_seeding,phases.json,fresh1,3,3,1,200,1.0,34.76,0.0,10.355,20.62,0,0
010_after_seeding,phases.json,fresh1,4,4,1,181,1.0,35.59668508287293,0.0,10.430939226519337,21.011049723756905,0,0
010_after_seeding,phases.json,fresh1,5,5,1,200,1.0,34.27,0.0,10.075,20.515,0,0
010_after_seeding,phases.json,fresh1,6,6,1,190,1.0,34.45263157894737,0.0,10.18421052631579,20.821052631578947,0,0
010_after_seeding,phases.json,fresh1,7,7,1,175,1.0,35.08,0.0,10.154285714285715,21.485714285714284,0,0
010_after_seeding,phases.json,fresh1,8,8,1,162,1.0,32.401234567901234,0.0,9.08641975308642,19.85185185185185,0,0
010_after_seeding,phases.json,fresh1,9,9,1,156,1.0,31.76923076923077,0.0,8.916666666666666,19.474358974358974,0,0
010_after_seeding,phases.json,fresh1,10,10,1,191,1.0,30.48167539267016,11.3717277486911,8.649214659685864,19.26178010471204,1,1
010_after_seeding,phases.json,fresh2,0,0,2,332,1.0,44.51204819277108,0.0,9.677710843373495,14.626506024096386,0,0
010_after_seeding,phases.json,fresh2,1,1,1,213,1.0,35.27699530516432,0.0,10.187793427230046,21.272300469483568,0,0
010_after_seeding,phases.json,fresh2,2,2,1,213,1.0,34.48356807511737,0.0,10.244131455399062,20.835680751173708,0,0
010_after_seeding,phases.json,fresh2,3,3,2,276,1.0,34.70289855072464,0.0,10.340579710144928,20.619565217391305,0,0
010_after_seeding,phases.json,fresh2,4,4,2,258,1.0,35.56976744186046,0.0,10.364341085271318,21.011627906976745,0,0
010_after_seeding,phases.json,fresh2,5,5,2,272,1.0,33.8014705882353,0.0,10.139705882352942,20.301470588235293,0,0
010_after_seeding,phases.json,fresh2,6,6,2,250,1.0,35.196,0.0,10.244,20.988,0,0
010_after_seeding,phases.json,fresh2,7,7,2,248,1.0,35.895161290322584,0.0,10.153225806451612,21.633064516129032,0,0
010_after_seeding,phases.json,fresh2,8,8,2,212,1.0,32.47641509433962,0.0,9.066037735849056,19.93867924528302,0,0
010_after_seeding,phases.json,fresh2,9,9,2,210,1.0,32.10952380952381,0.0,9.019047619047619,19.604761904761904,0,0
010_after_seeding,phases.json,fresh2,10,10,2,276,1.0,31.3768115942029,11.380434782608695,8.655797101449275,19.394927536231883,3,3
010_after_seeding,phases.json,fresh3,0,0,2,286,1.0,45.01748251748252,0.0,9.758741258741258,14.734265734265735,0,0
010_after_seeding,phases.json,fresh3,1,1,2,258,1.0,35.895348837209305,0.0,10.387596899224807,21.32170542635659,0,0
010_after_seeding,phases.json,fresh3,2,2,2,250,1.0,35.152,0.0,10.38,20.888,0,0
010_after_seeding,phases.json,fresh3,3,3,2,234,1.0,34.93162393162393,0.0,10.512820512820513,20.67948717948718,0,0
010_after_seeding,phases.json,fresh3,4,4,2,224,1.0,35.495535714285715,0.0,10.352678571428571,20.888392857142858,0,0
010_after_seeding,phases.json,fresh3,5,5,2,220,1.0,35.3,0.0,10.431818181818182,20.672727272727272,0,0
010_after_seeding,phases.json,fresh3,6,6,2,215,1.0,34.78604651162791,0.0,10.158139534883722,20.827906976744185,0,0
010_after_seeding,phases.json,fresh3,7,7,1,75,1.0,36.53333333333333,0.0,10.413333333333334,21.666666666666668,0,0
010_after_seeding,phases.json,fresh3,8,8,1,66,1.0,32.57575757575758,0.0,9.166666666666666,20.0,0,0
010_after_seeding,phases.json,fresh3,9,9,1,59,1.0,31.915254237288135,0.0,9.11864406779661,19.593220338983052,0,0
010_after_seeding,phases.json,fresh3,10,10,1,52,1.0,32.0,11.403846153846153,8.73076923076923,19.576923076923077,1,1
010_after_seeding,phases.json,fresh4,0,0,2,275,1.0,44.872727272727275,0.0,9.745454545454546,14.716363636363637,0,0
010_after_seeding,phases.json,fresh4,1,1,2,142,1.0,35.514084507042256,0.0,10.507042253521126,21.077464788732396,0,0
010_after_seeding,phases.json,fresh4,2,2,2,137,1.0,35.2043795620438,0.0,10.591240875912408,20.883211678832115,0,0
010_after_seeding,phases.json,fresh4,3,3,2,136,1.0,34.838235294117645,0.0,10.470588235294118,20.595588235294116,0,0
010_after_seeding,phases.json,fresh4,4,4,2,135,1.0,35.111111111111114,0.0,10.4,20.77777777777778,0,0
010_after_seeding,phases.json,fresh4,5,5,1,139,1.0,35.597122302158276,0.0,10.496402877697841,20.640287769784173,0,0
010_after_seeding,phases.json,fresh4,6,6,1,139,1.0,35.12230215827338,0.0,10.0,20.697841726618705,0,0
010_after_seeding,phases.json,fresh4,7,7,1,139,1.0,35.57553956834533,0.0,10.06474820143885,21.366906474820144,0,0
010_after_seeding,phases.json,fresh4,8,8,2,254,1.0,32.30708661417323,0.0,9.05511811023622,19.933070866141733,0,0
010_after_seeding,phases.json,fresh4,9,9,1,133,1.0,31.894736842105264,0.0,8.962406015037594,19.571428571428573,0,0
010_after_seeding,phases.json,fresh4,10,10,2,245,1.0,31.09387755102041,11.355102040816327,8.648979591836735,19.355102040816327,2,2
011_parallel_attention,phases.json,s176,0,0,6,293,15.969283276450511,170.8566552901024,0.0,16.320819112627987,117.93174061433447,0,0
011_parallel_attention,phases.json,s176,1,1,6,291,15.97594501718213,199.25085910652922,0.0,15.195876288659793,157.8762886597938,0,0
011_parallel_attention,phases.json,s176,2,2,7,305,15.918032786885245,175.80983606557376,0.0,15.134426229508197,138.54426229508198,0,0
011_parallel_attention,phases.json,s176,3,3,7,314,15.837579617834395,182.98726114649682,0.0,15.162420382165605,142.6687898089172,0,0
011_parallel_attention,phases.json,s176,4,4,7,316,15.80379746835443,176.7373417721519,0.0,15.294303797468354,133.98417721518987,0,0
011_parallel_attention,phases.json,s176,5,5,6,292,15.969178082191782,182.83219178082192,0.0,14.469178082191782,142.50342465753425,0,0
011_parallel_attention,phases.json,s176,6,6,6,289,15.982698961937716,182.24567474048442,0.0,14.667820069204152,138.42214532871972,0,0
011_parallel_attention,phases.json,s176,7,7,6,290,15.979310344827587,192.99655172413793,0.0,14.558620689655172,149.9,0,0
011_parallel_attention,phases.json,s176,8,8,6,295,15.894915254237288,175.61694915254236,0.0,13.196610169491525,136.07796610169493,0,0
011_parallel_attention,phases.json,s176,9,9,6,288,15.98611111111111,160.65277777777777,0.0,13.190972222222221,125.51041666666667,0,0
011_parallel_attention,phases.json,s176,10,10,6,297,15.946127946127946,142.8013468013468,16.754208754208754,13.171717171717171,102.06060606060606,0,0
011_parallel_attention,phases.json,s264,0,0,10,298,23.406040268456376,247.08389261744966,0.0,18.416107382550337,187.50335570469798,0,0
011_parallel_attention,phases.json,s264,1,1,10,305,23.049180327868854,320.3540983606557,0.0,18.77377049180328,260.34098360655736,0,0
011_parallel_attention,phases.json,s264,2,2,11,347,21.24207492795389,271.42651296829973,0.0,18.443804034582133,214.95389048991353,0,0
011_parallel_attention,phases.json,s264,3,3,11,355,20.583098591549295,276.76338028169016,0.0,18.12676056338028,216.21408450704226,0,0
011_parallel_attention,phases.json,s264,4,4,10,305,22.114754098360656,272.48196721311473,0.0,18.550819672131148,208.59344262295082,0,0
011_parallel_attention,phases.json,s264,5,5,11,349,21.515759312320917,271.26361031518627,0.0,17.060171919770774,218.44412607449857,0,0
011_parallel_attention,phases.json,s264,6,6,11,355,21.29014084507042,271.1915492957746,0.0,17.72112676056338,209.5154929577465,0,0
011_parallel_attention,phases.json,s264,7,7,11,364,20.804945054945055,282.72527472527474,0.0,17.98076923076923,224.27747252747253,0,0
011_parallel_attention,phases.json,s264,8,8,11,367,20.149863760217983,236.5558583106267,0.0,14.743869209809265,185.4850136239782,0,0
011_parallel_attention,phases.json,s264,9,9,10,329,21.386018237082066,230.22492401215806,0.0,14.768996960486323,184.31914893617022,0,0
011_parallel_attention,phases.json,s264,10,10,10,316,21.746835443037973,213.25,19.47151898734177,15.45253164556962,150.7120253164557,0,0
011_parallel_attention,phases.json,fresh1,0,0,2,322,1.0,43.90683229813665,0.0,9.434782608695652,14.263975155279503,0,0
011_parallel_attention,phases.json,fresh1,1,1,2,220,1.6681818181818182,44.72727272727273,0.0,11.027272727272727,29.072727272727274,0,0
011_parallel_attention,phases.json,fresh1,2,2,2,218,1.6330275229357798,43.93577981651376,0.0,10.880733944954128,28.389908256880734,0,0
011_parallel_attention,phases.json,fresh1,3,3,2,187,1.0427807486631016,36.07486631016043,0.0,10.443850267379679,21.18716577540107,0,0
011_parallel_attention,phases.json,fresh1,4,4,2,224,2.9285714285714284,61.82142857142857,0.0,11.4375,42.53125,0,0
011_parallel_attention,phases.json,fresh1,5,5,2,221,2.257918552036199,53.28506787330317,0.0,10.891402714932127,36.59276018099548,0,0
011_parallel_attention,phases.json,fresh1,6,6,2,214,1.9485981308411215,47.700934579439256,0.0,10.901869158878505,31.990654205607477,0,0
011_parallel_attention,phases.json,fresh1,7,7,2,206,1.3495145631067962,40.16019417475728,0.0,10.470873786407767,25.135922330097088,0,0
011_parallel_attention,phases.json,fresh1,8,8,2,183,1.0,32.17486338797814,0.0,9.180327868852459,19.704918032786885,0,0
011_parallel_attention,phases.json,fresh1,9,9,2,227,2.537444933920705,50.11453744493392,0.0,9.594713656387665,34.409691629955944,0,0
011_parallel_attention,phases.json,fresh1,10,10,2,226,2.911504424778761,52.424778761061944,12.29646017699115,10.075221238938052,34.47345132743363,0,0
011b_long_generation,phases.json,long176,0,0,29,1354,15.251846381093058,178.09305760709012,0.0,15.8205317577548,125.32274741506647,0,0
011b_long_generation,phases.json,long176,1,1,29,1352,15.256656804733728,214.58505917159763,0.0,15.699704142011834,177.41494082840237,0,0
011b_long_generation,phases.json,long176,2,2,30,1401,14.780157030692363,197.615988579586,0.0,15.856531049250535,161.61670235546038,0,0
011b_long_generation,phases.json,long176,3,3,30,1400,14.79,200.09428571428572,0.0,15.628571428571428,164.10071428571428,0,0
011b_long_generation,phases.json,long176,4,4,30,1402,14.744650499286733,194.1283880171184,0.0,15.575606276747504,157.90299572039942,0,0
011b_long_generation,phases.json,long176,5,5,30,1385,14.843321299638989,201.21444043321299,0.0,14.589169675090252,166.171119133574,0,0
011b_long_generation,phases.json,long176,6,6,30,1393,14.699928212491027,187.39267767408472,0.0,15.450825556353195,152.45656855707108,0,0
011b_long_generation,phases.json,long176,7,7,29,1317,15.082004555808656,206.13211845102506,0.0,15.468488990129082,168.1586940015186,0,0
011b_long_generation,phases.json,long176,8,8,29,1317,15.08883826879271,180.083523158694,0.0,13.0167046317388,148.58618071374335,0,0
011b_long_generation,phases.json,long176,9,9,29,1309,15.152024446142093,171.77616501145914,0.0,12.877769289533996,140.72650878533233,0,0
011b_long_generation,phases.json,long176,10,10,29,1311,15.156369183829138,147.36536994660565,16.7627765064836,13.920671243325705,111.38825324180016,30,30
012_single_stream_anatomy,phases.json,fresh1a,0,0,4,553,1.0,44.33092224231465,0.0,9.49005424954792,14.358047016274865,0,0
012_single_stream_anatomy,phases.json,fresh1a,1,1,4,582,1.3676975945017182,40.465635738831615,0.0,10.628865979381443,25.11340206185567,0,0
012_single_stream_anatomy,phases.json,fresh1a,2,2,4,575,1.2921739130434782,39.288695652173914,0.0,10.521739130434783,23.895652173913042,0,0
012_single_stream_anatomy,phases.json,fresh1a,3,3,4,574,1.2926829268292683,38.965156794425084,0.0,10.566202090592334,24.092334494773517,0,0
012_single_stream_anatomy,phases.json,fresh1a,4,4,4,562,1.1227758007117439,36.903914590747334,0.0,10.423487544483987,22.320284697508896,0,0
012_single_stream_anatomy,phases.json,fresh1a,5,5,4,565,1.1610619469026549,37.27787610619469,0.0,10.148672566371681,23.076106194690265,0,0
012_single_stream_anatomy,phases.json,fresh1a,6,6,4,538,1.0,34.2639405204461,0.0,10.161710037174721,20.605947955390334,0,0
012_single_stream_anatomy,phases.json,fresh1a,7,7,4,600,1.8466666666666667,46.266666666666666,0.0,10.465,30.688333333333333,0,0
012_single_stream_anatomy,phases.json,fresh1a,8,8,4,603,1.7777777777777777,41.2106135986733,0.0,9.529021558872305,27.24212271973466,0,0
012_single_stream_anatomy,phases.json,fresh1a,9,9,4,603,1.7777777777777777,40.18076285240464,0.0,9.23217247097844,26.645107794361525,0,0
012_single_stream_anatomy,phases.json,fresh1a,10,10,4,581,1.6454388984509467,39.09466437177281,11.89328743545611,9.664371772805508,23.886402753872634,21,21
012_single_stream_anatomy,phases.json,fresh1b,0,0,3,470,1.0,44.31063829787234,0.0,9.497872340425532,14.331914893617022,0,0
012_single_stream_anatomy,phases.json,fresh1b,1,1,3,373,1.0,35.3485254691689,0.0,10.442359249329758,20.726541554959784,0,0
012_single_stream_anatomy,phases.json,fresh1b,2,2,3,376,1.0,35.138297872340424,0.0,10.425531914893616,20.534574468085108,0,0
012_single_stream_anatomy,phases.json,fresh1b,3,3,3,387,1.0,34.92764857881137,0.0,10.348837209302326,20.79328165374677,0,0
012_single_stream_anatomy,phases.json,fresh1b,4,4,3,388,1.0,35.55670103092783,0.0,10.213917525773196,20.920103092783506,0,0
012_single_stream_anatomy,phases.json,fresh1b,5,5,3,387,1.0,35.80103359173127,0.0,10.167958656330748,21.537467700258397,0,0
012_single_stream_anatomy,phases.json,fresh1b,6,6,3,386,1.0,35.181347150259064,0.0,10.207253886010363,20.740932642487046,0,0
012_single_stream_anatomy,phases.json,fresh1b,7,7,3,379,1.0,35.13192612137203,0.0,9.992084432717679,21.023746701846967,0,0
012_single_stream_anatomy,phases.json,fresh1b,8,8,3,375,1.0,32.04,0.0,9.232,19.6,0,0
012_single_stream_anatomy,phases.json,fresh1b,9,9,3,369,1.0,31.658536585365855,0.0,8.92140921409214,19.384823848238483,0,0
012_single_stream_anatomy,phases.json,fresh1b,10,10,3,376,1.0,32.00265957446808,11.481382978723405,9.180851063829786,19.470744680851062,5,5
012_single_stream_anatomy,phases.json,fresh1c,0,0,3,476,1.0,44.15756302521008,0.0,9.457983193277311,14.357142857142858,0,0
012_single_stream_anatomy,phases.json,fresh1c,1,1,3,393,1.0,34.89058524173028,0.0,10.323155216284988,20.709923664122137,0,0
012_single_stream_anatomy,phases.json,fresh1c,2,2,3,387,1.0,35.32299741602067,0.0,10.366925064599483,20.612403100775193,0,0
012_single_stream_anatomy,phases.json,fresh1c,3,3,3,374,1.0,35.280748663101605,0.0,10.43048128342246,20.885026737967916,0,0
012_single_stream_anatomy,phases.json,fresh1c,4,4,3,378,1.0,35.357142857142854,0.0,10.216931216931217,20.976190476190474,0,0
012_single_stream_anatomy,phases.json,fresh1c,5,5,3,372,1.0,36.38709677419355,0.0,10.204301075268818,21.620967741935484,0,0
012_single_stream_anatomy,phases.json,fresh1c,6,6,3,364,1.0,34.54945054945055,0.0,10.096153846153847,20.607142857142858,0,0
012_single_stream_anatomy,phases.json,fresh1c,7,7,3,364,1.0,35.074175824175825,0.0,9.969780219780219,21.057692307692307,0,0
012_single_stream_anatomy,phases.json,fresh1c,8,8,3,361,1.0,32.096952908587255,0.0,9.221606648199446,19.587257617728532,0,0
012_single_stream_anatomy,phases.json,fresh1c,9,9,3,354,1.0,31.27683615819209,0.0,8.85593220338983,19.214689265536723,0,0
012_single_stream_anatomy,phases.json,fresh1c,10,10,3,352,1.0,32.60511363636363,11.477272727272727,9.21875,19.55965909090909,8,8
015_drafter_model,phases.json,fresh1a,0,0,3,410,1.0,53.292682926829265,0.0,12.13170731707317,17.034146341463416,0,0
015_drafter_model,phases.json,fresh1a,1,1,3,409,1.0,37.68215158924205,0.0,11.469437652811736,22.029339853300733,0,0
015_drafter_model,phases.json,fresh1a,2,2,2,310,1.0,38.458064516129035,0.0,12.093548387096774,22.296774193548387,0,0
015_drafter_model,phases.json,fresh1a,3,3,2,310,1.0,37.62258064516129,0.0,11.719354838709677,21.87741935483871,0,0
015_drafter_model,phases.json,fresh1a,4,4,2,308,1.0,36.86363636363637,0.0,11.353896103896103,21.707792207792206,0,0
015_drafter_model,phases.json,fresh1a,5,5,2,307,1.0,36.726384364820845,0.0,11.397394136807817,21.286644951140065,0,0
015_drafter_model,phases.json,fresh1a,6,6,2,307,1.0,36.25732899022801,0.0,11.37785016286645,21.521172638436482,0,0
015_drafter_model,phases.json,fresh1a,7,7,2,306,1.0,37.029411764705884,0.0,11.264705882352942,21.49346405228758,0,0
015_drafter_model,phases.json,fresh1a,8,8,2,306,1.0,32.21568627450981,0.0,9.545751633986928,19.545751633986928,0,0
015_drafter_model,phases.json,fresh1a,9,9,2,305,1.0,32.26229508196721,0.0,9.472131147540983,19.750819672131147,0,0
015_drafter_model,phases.json,fresh1a,10,10,2,304,1.0,31.960526315789473,11.578947368421053,9.325657894736842,19.598684210526315,1,1
015_drafter_model,phases.json,fresh1b,0,0,3,409,1.0,53.05134474327628,0.0,12.04645476772616,16.880195599022006,0,0
015_drafter_model,phases.json,fresh1b,1,1,3,318,1.0,37.39622641509434,0.0,11.462264150943396,21.839622641509433,0,0
015_drafter_model,phases.json,fresh1b,2,2,3,393,1.0,37.79643765903308,0.0,11.87531806615776,21.857506361323153,0,0
015_drafter_model,phases.json,fresh1b,3,3,3,385,1.0,37.29350649350649,0.0,11.550649350649351,21.631168831168832,0,0
015_drafter_model,phases.json,fresh1b,4,4,3,375,1.0,37.50933333333333,0.0,11.592,21.88,0,0
015_drafter_model,phases.json,fresh1b,5,5,2,222,1.0,36.770270270270274,0.0,11.31081081081081,21.274774774774773,0,0
015_drafter_model,phases.json,fresh1b,6,6,2,214,1.0,36.99065420560748,0.0,11.401869158878505,21.52803738317757,0,0
015_drafter_model,phases.json,fresh1b,7,7,2,208,1.0,37.45192307692308,0.0,11.365384615384615,21.548076923076923,0,0
015_drafter_model,phases.json,fresh1b,8,8,2,200,1.0,32.085,0.0,9.455,19.48,0,0
015_drafter_model,phases.json,fresh1b,9,9,2,191,1.0,32.80628272251309,0.0,9.602094240837696,19.984293193717278,0,0
015_drafter_model,phases.json,fresh1b,10,10,2,272,1.0,32.705882352941174,11.577205882352942,9.356617647058824,19.709558823529413,1,1
015_drafter_model,phases.json,fresh1c,0,0,3,381,1.0,53.32283464566929,0.0,12.178477690288714,16.939632545931758,0,0
015_drafter_model,phases.json,fresh1c,1,1,3,303,1.0,37.115511551155116,0.0,11.323432343234323,21.64026402640264,0,0
015_drafter_model,phases.json,fresh1c,2,2,2,160,1.0,37.95,0.0,12.0375,22.05625,0,0
015_drafter_model,phases.json,fresh1c,3,3,1,2,1.0,36.0,0.0,11.0,20.5,0,0
015_drafter_model,phases.json,fresh1c,5,5,1,151,1.0,36.58940397350993,0.0,11.311258278145695,21.417218543046356,0,0
015_drafter_model,phases.json,fresh1c,6,6,2,287,1.0,37.09059233449477,0.0,11.477351916376307,21.578397212543553,0,0
015_drafter_model,phases.json,fresh1c,7,7,1,150,1.0,37.35333333333333,0.0,11.446666666666667,21.74,0,0
015_drafter_model,phases.json,fresh1c,8,8,2,277,1.0,32.5956678700361,0.0,9.541516245487365,19.56678700361011,0,0
015_drafter_model,phases.json,fresh1c,9,9,2,271,1.0,33.06273062730627,0.0,9.616236162361623,19.99261992619926,0,0
015_drafter_model,phases.json,fresh1c,10,10,2,268,1.0,32.41044776119403,11.585820895522389,9.417910447761194,19.738805970149254,0,0
015_drafter_model,phases.json,echo1,0,0,2,176,1.0,52.23295454545455,0.0,11.818181818181818,16.482954545454547,0,0
015_drafter_model,phases.json,echo1,1,1,2,164,1.0,37.77439024390244,0.0,11.408536585365853,22.128048780487806,0,0
015_drafter_model,phases.json,echo1,2,2,1,163,1.0,38.52147239263804,0.0,11.871165644171779,22.030674846625768,0,0
015_drafter_model,phases.json,echo1,3,3,1,164,1.0,38.323170731707314,0.0,11.725609756097562,21.902439024390244,0,0
015_drafter_model,phases.json,echo1,4,4,2,280,1.0,38.275,0.0,11.564285714285715,21.95,0,0
015_drafter_model,phases.json,echo1,5,5,2,274,1.0,37.17153284671533,0.0,11.36861313868613,21.33941605839416,0,0
015_drafter_model,phases.json,echo1,6,6,2,269,1.0,36.9368029739777,0.0,11.226765799256505,21.345724907063197,0,0
015_drafter_model,phases.json,echo1,7,7,2,262,1.0,37.45038167938932,0.0,11.312977099236642,21.450381679389313,0,0
015_drafter_model,phases.json,echo1,8,8,2,253,1.0,33.12252964426877,0.0,9.513833992094861,19.58102766798419,0,0
015_drafter_model,phases.json,echo1,9,9,1,91,1.0,33.582417582417584,0.0,9.571428571428571,19.857142857142858,0,0
015_drafter_model,phases.json,echo1,10,10,1,85,1.0,32.61176470588235,11.576470588235294,9.364705882352942,19.705882352941178,0,0
015_drafter_model,phases.json,s176,0,0,8,346,14.841040462427745,166.51156069364163,0.0,15.479768786127167,115.58092485549133,0,0
015_drafter_model,phases.json,s176,1,1,7,309,15.669902912621358,201.45631067961165,0.0,15.016181229773462,160.873786407767,0,0
015_drafter_model,phases.json,s176,2,2,8,383,12.835509138381202,153.03916449086162,0.0,14.96083550913838,118.12532637075718,0,0
015_drafter_model,phases.json,s176,3,3,7,356,13.373595505617978,155.04494382022472,0.0,14.398876404494382,121.08426966292134,0,0
015_drafter_model,phases.json,s176,4,4,7,345,13.768115942028986,158.00289855072464,0.0,14.736231884057972,120.76521739130435,0,0
015_drafter_model,phases.json,s176,5,5,7,330,14.348484848484848,154.38787878787878,0.0,14.396969696969697,120.13636363636364,0,0
015_drafter_model,phases.json,s176,6,6,7,320,14.66875,170.934375,0.0,14.359375,129.428125,0,0
015_drafter_model,phases.json,s176,7,7,7,308,15.084415584415584,178.25324675324674,0.0,14.808441558441558,138.11688311688312,0,0
015_drafter_model,phases.json,s176,8,8,7,306,15.022875816993464,158.92156862745097,0.0,12.869281045751634,122.93464052287581,0,0
015_drafter_model,phases.json,s176,9,9,6,304,15.046052631578947,149.3059210526316,0.0,12.848684210526315,121.38157894736842,0,0
015_drafter_model,phases.json,s176,10,10,6,379,10.477572559366754,100.7335092348285,14.820580474934037,11.854881266490764,70.54089709762533,2,2
015c_ensemble,phases.json,fam1_code,0,0,3,388,1.0,52.49226804123711,0.0,12.00257731958763,16.435567010309278,0,0
015c_ensemble,phases.json,fam1_code,1,1,2,300,1.0,37.87,0.0,11.5,21.756666666666668,0,0
015c_ensemble,phases.json,fam1_code,2,2,2,299,1.0,36.96321070234114,0.0,11.240802675585284,21.67558528428094,0,0
015c_ensemble,phases.json,fam1_code,3,3,3,433,1.0,37.01154734411085,0.0,11.15704387990762,21.572748267898383,0,0
015c_ensemble,phases.json,fam1_code,4,4,3,414,1.0,37.388888888888886,0.0,11.442028985507246,21.78743961352657,0,0
015c_ensemble,phases.json,fam1_code,5,5,3,377,1.0,36.51193633952255,0.0,11.159151193633953,21.148541114058354,0,0
015c_ensemble,phases.json,fam1_code,6,6,3,365,1.0,36.61369863013699,0.0,11.361643835616439,21.16986301369863,0,0
015c_ensemble,phases.json,fam1_code,7,7,3,352,1.0,37.11931818181818,0.0,11.599431818181818,21.338068181818183,0,0
015c_ensemble,phases.json,fam1_code,8,8,3,338,1.0,33.15680473372781,0.0,9.58284023668639,19.84319526627219,0,0
015c_ensemble,phases.json,fam1_code,9,9,2,297,1.0,33.784511784511785,0.0,9.632996632996633,20.60942760942761,0,0
015c_ensemble,phases.json,fam1_code,10,10,2,296,1.0,31.885135135135137,11.45608108108108,9.030405405405405,19.66891891891892,2,2
015c_ensemble,phases.json,fam2_arith,0,0,2,258,1.0,50.89147286821706,0.0,11.468992248062015,15.949612403100776,0,0
015c_ensemble,phases.json,fam2_arith,1,1,1,166,1.0,37.36746987951807,0.0,11.41566265060241,21.63855421686747,0,0
015c_ensemble,phases.json,fam2_arith,2,2,1,165,1.0,38.4969696969697,0.0,11.50909090909091,22.048484848484847,0,0
015c_ensemble,phases.json,fam2_arith,4,4,1,105,1.0,38.38095238095238,0.0,11.638095238095238,21.904761904761905,0,0
015c_ensemble,phases.json,fam2_arith,5,5,1,98,1.0,37.46938775510204,0.0,11.316326530612244,21.29591836734694,0,0
015c_ensemble,phases.json,fam2_arith,6,6,1,93,1.0,37.924731182795696,0.0,11.612903225806452,21.397849462365592,0,0
015c_ensemble,phases.json,fam2_arith,7,7,1,88,1.0,38.625,0.0,11.920454545454545,21.704545454545453,0,0
015c_ensemble,phases.json,fam2_arith,8,8,1,83,1.0,33.024096385542165,0.0,9.44578313253012,19.662650602409638,0,0
015c_ensemble,phases.json,fam2_arith,9,9,1,77,1.0,34.935064935064936,0.0,9.545454545454545,20.558441558441558,0,0
015c_ensemble,phases.json,fam2_arith,10,10,1,73,1.0,32.54794520547945,11.465753424657533,9.0,19.643835616438356,1,1
015c_ensemble,phases.json,fam6_rewrite,0,0,2,242,1.0,51.70661157024794,0.0,11.698347107438016,16.194214876033058,0,0
015c_ensemble,phases.json,fam6_rewrite,1,1,2,157,1.0,38.22292993630573,0.0,11.726114649681529,21.88535031847134,0,0
015c_ensemble,phases.json,fam6_rewrite,2,2,1,150,1.0,37.50666666666667,0.0,11.333333333333334,21.62,0,0
015c_ensemble,phases.json,fam6_rewrite,3,3,1,152,1.0,38.21052631578947,0.0,11.513157894736842,21.723684210526315,0,0
015c_ensemble,phases.json,fam6_rewrite,4,4,2,305,1.0,37.58360655737705,0.0,11.20327868852459,21.41967213114754,0,0
015c_ensemble,phases.json,fam6_rewrite,5,5,1,153,1.0,37.30065359477124,0.0,11.42483660130719,21.444444444444443,0,0
015c_ensemble,phases.json,fam6_rewrite,6,6,2,291,1.0,37.12714776632303,0.0,11.329896907216495,21.10996563573883,0,0
015c_ensemble,phases.json,fam6_rewrite,7,7,2,285,1.0,37.20701754385965,0.0,11.350877192982455,21.073684210526316,0,0
015c_ensemble,phases.json,fam6_rewrite,8,8,2,281,1.0,33.444839857651246,0.0,9.580071174377224,19.75800711743772,0,0
015c_ensemble,phases.json,fam6_rewrite,9,9,2,272,1.0,33.536764705882355,0.0,9.363970588235293,20.238970588235293,0,0
015c_ensemble,phases.json,fam6_rewrite,10,10,2,266,1.0,32.590225563909776,11.458646616541353,9.022556390977444,19.63157894736842,5,5
015c_ensemble,phases.json,fam10_translate,0,0,2,254,1.0,51.330708661417326,0.0,11.669291338582678,16.20472440944882,0,0
015c_ensemble,phases.json,fam10_translate,1,1,1,152,1.0,37.63815789473684,0.0,11.539473684210526,21.664473684210527,0,0
015c_ensemble,phases.json,fam10_translate,2,2,2,232,1.0,37.616379310344826,0.0,11.418103448275861,21.594827586206897,0,0
015c_ensemble,phases.json,fam10_translate,3,3,2,224,1.0,38.0625,0.0,11.508928571428571,21.861607142857142,0,0
015c_ensemble,phases.json,fam10_translate,4,4,2,217,1.0,37.6036866359447,0.0,11.276497695852534,21.677419354838708,0,0
015c_ensemble,phases.json,fam10_translate,5,5,2,212,1.0,37.636792452830186,0.0,11.39622641509434,21.41509433962264,0,0
015c_ensemble,phases.json,fam10_translate,6,6,2,208,1.0,37.07692307692308,0.0,11.278846153846153,21.04326923076923,0,0
015c_ensemble,phases.json,fam10_translate,7,7,2,205,1.0,36.72682926829268,0.0,11.37560975609756,21.009756097560974,0,0
015c_ensemble,phases.json,fam10_translate,8,8,2,198,1.0,33.83838383838384,0.0,9.590909090909092,19.95959595959596,0,0
015c_ensemble,phases.json,fam10_translate,9,9,2,191,1.0,33.92146596858639,0.0,9.476439790575917,20.42931937172775,0,0
015c_ensemble,phases.json,fam10_translate,10,10,2,180,1.0,32.81666666666667,11.494444444444444,8.988888888888889,19.616666666666667,6,6
015c_ensemble,phases.json,fam3_story,0,0,4,549,1.0,53.06921675774135,0.0,12.138433515482696,16.595628415300546,0,0
015c_ensemble,phases.json,fam3_story,1,1,4,494,1.0,38.058704453441294,0.0,11.59919028340081,21.7834008097166,0,0
015c_ensemble,phases.json,fam3_story,2,2,4,484,1.0,37.36776859504132,0.0,11.440082644628099,21.671487603305785,0,0
015c_ensemble,phases.json,fam3_story,3,3,4,476,1.0,37.09453781512605,0.0,11.313025210084033,21.567226890756302,0,0
015c_ensemble,phases.json,fam3_story,4,4,4,468,1.0,37.835470085470085,0.0,11.405982905982906,21.69017094017094,0,0
015c_ensemble,phases.json,fam3_story,5,5,4,459,1.0,36.808278867102395,0.0,11.31590413943355,21.248366013071895,0,0
015c_ensemble,phases.json,fam3_story,6,6,3,311,1.0,36.82958199356913,0.0,11.237942122186496,20.893890675241156,0,0
015c_ensemble,phases.json,fam3_story,7,7,3,305,1.0,36.83934426229508,0.0,11.537704918032787,21.18688524590164,0,0
015c_ensemble,phases.json,fam3_story,8,8,3,301,1.0,32.98006644518272,0.0,9.50498338870432,19.80066445182724,0,0
015c_ensemble,phases.json,fam3_story,9,9,3,300,1.0,33.656666666666666,0.0,9.69,20.583333333333332,0,0
015c_ensemble,phases.json,fam3_story,10,10,3,296,1.0,31.94256756756757,11.466216216216216,9.135135135135135,19.719594594594593,0,0
015c_ensemble,phases.json,fam11_truefalse,0,0,1,96,1.0,49.625,0.0,11.208333333333334,16.0,0,0
015c_ensemble,phases.json,fam11_truefalse,1,1,1,19,1.0,39.31578947368421,0.0,11.894736842105264,22.05263157894737,0,0
015c_ensemble,phases.json,fam11_truefalse,2,2,1,14,1.0,36.57142857142857,0.0,10.857142857142858,21.357142857142858,0,0
015c_ensemble,phases.json,fam11_truefalse,3,3,1,8,1.0,37.5,0.0,11.125,21.5,0,0
015c_ensemble,phases.json,fam11_truefalse,4,4,1,4,1.0,38.25,0.0,11.5,21.75,0,0
015c_ensemble,phases.json,fam11_truefalse,5,5,1,1,1.0,38.0,0.0,11.0,21.0,0,0
015c_ensemble,phases.json,fam11_truefalse,6,6,1,136,1.0,37.294117647058826,0.0,11.389705882352942,21.058823529411764,0,0
015c_ensemble,phases.json,fam11_truefalse,8,8,1,127,1.0,33.79527559055118,0.0,9.598425196850394,19.834645669291337,0,0
015c_ensemble,phases.json,fam11_truefalse,9,9,1,119,1.0,34.84033613445378,0.0,9.764705882352942,20.857142857142858,0,0
015c_ensemble,phases.json,fam11_truefalse,10,10,1,116,1.0,32.13793103448276,11.46551724137931,9.086206896551724,19.586206896551722,0,0
019_baseline_15_streams,phases.json,mix15a,0,0,8,1238,1.3618739903069468,48.33037156704362,0.0,9.630856219709209,16.48546042003231,0,0
019_baseline_15_streams,phases.json,mix15a,1,1,7,1233,1.3633414436334144,41.22627737226277,0.0,10.117599351175993,24.976480129764802,0,0
019_baseline_15_streams,phases.json,mix15a,2,2,7,1233,1.3633414436334144,41.180048661800484,0.0,10.815085158150852,24.314679643146796,0,0
019_baseline_15_streams,phases.json,mix15a,3,3,7,1260,1.361904761904762,40.654761904761905,0.0,9.74047619047619,24.74047619047619,0,0
019_baseline_15_streams,phases.json,mix15a,4,4,7,1256,1.3630573248407643,40.060509554140125,0.0,9.545382165605096,24.64968152866242,0,0
019_baseline_15_streams,phases.json,mix15a,5,5,7,1255,1.3641434262948207,40.48844621513944,0.0,9.551394422310757,24.956972111553785,0,0
019_baseline_15_streams,phases.json,mix15a,6,6,7,1252,1.3642172523961662,39.849840255591054,0.0,9.480830670926517,24.269968051118212,0,0
019_baseline_15_streams,phases.json,mix15a,7,7,7,1252,1.3642172523961662,40.67571884984026,0.0,9.643769968051119,24.424920127795527,0,0
019_baseline_15_streams,phases.json,mix15a,8,8,7,1253,1.363926576217079,37.41181165203511,0.0,8.998403830806065,23.327214684756584,0,0
019_baseline_15_streams,phases.json,mix15a,9,9,7,1255,1.3633466135458168,38.766533864541834,0.0,9.472509960159362,23.857370517928288,0,0
019_baseline_15_streams,phases.json,mix15a,10,10,7,1253,1.3631284916201116,36.6121308858739,11.721468475658419,8.937749401436552,22.294493216280927,10,10
019_baseline_15_streams,phases.json,mix15b,0,0,7,1281,1.3653395784543325,48.259953161592506,0.0,9.592505854800937,16.498829039812648,0,0
019_baseline_15_streams,phases.json,mix15b,1,1,7,1282,1.3650546021840875,40.907176287051485,0.0,10.085803432137286,24.932137285491418,0,0
019_baseline_15_streams,phases.json,mix15b,2,2,7,1282,1.3650546021840875,40.730109204368176,0.0,10.102184087363495,24.42745709828393,0,0
019_baseline_15_streams,phases.json,mix15b,3,3,8,1413,1.3616418966737438,40.84996461429582,0.0,9.794055201698514,24.873319179051663,0,0
019_baseline_15_streams,phases.json,mix15b,4,4,8,1402,1.361626248216833,40.574179743223965,0.0,9.621968616262482,24.86376604850214,0,0
019_baseline_15_streams,phases.json,mix15b,5,5,8,1377,1.355119825708061,40.83877995642702,0.0,9.63761801016703,24.982570806100217,0,0
019_baseline_15_streams,phases.json,mix15b,6,6,7,1178,1.3590831918505941,39.946519524618,0.0,9.580645161290322,24.35144312393888,0,0
019_baseline_15_streams,phases.json,mix15b,7,7,8,1315,1.3581749049429659,39.88212927756654,0.0,9.647908745247149,24.322433460076045,0,0
019_baseline_15_streams,phases.json,mix15b,8,8,8,1310,1.3595419847328245,36.90687022900763,0.0,8.958015267175572,23.287022900763358,0,0
019_baseline_15_streams,phases.json,mix15b,9,9,8,1310,1.3595419847328245,37.57480916030534,0.0,9.427480916030534,23.8,0,0
019_baseline_15_streams,phases.json,mix15b,10,10,8,1300,1.36,36.496923076923075,11.723076923076922,8.87923076923077,22.30076923076923,13,13
019_baseline_15_streams,phases.json,mix11,0,0,5,914,1.0,42.61925601750547,0.0,9.032822757111598,13.733041575492342,0,0
019_baseline_15_streams,phases.json,mix11,1,1,6,964,1.008298755186722,34.62966804979253,0.0,9.769709543568466,21.053941908713693,0,0
019_baseline_15_streams,phases.json,mix11,2,2,5,961,1.0083246618106139,34.84703433922997,0.0,10.016649323621229,20.807492195629553,0,0
019_baseline_15_streams,phases.json,mix11,3,3,5,962,1.0083160083160083,35.318087318087315,0.0,9.898128898128897,21.27858627858628,0,0
019_baseline_15_streams,phases.json,mix11,4,4,5,972,1.008230452674897,34.88168724279836,0.0,9.752057613168724,21.203703703703702,0,0
019_baseline_15_streams,phases.json,mix11,5,5,5,927,1.0,35.14023732470334,0.0,9.728155339805825,21.188781014023732,0,0
019_baseline_15_streams,phases.json,mix11,6,6,5,1081,1.0444033302497688,34.765957446808514,0.0,9.586493987049028,21.054579093432007,0,0
019_baseline_15_streams,phases.json,mix11,7,7,5,1055,1.037914691943128,35.022748815165876,0.0,9.751658767772511,21.04170616113744,0,0
019_baseline_15_streams,phases.json,mix11,8,8,4,806,1.0397022332506203,32.641439205955336,0.0,8.919354838709678,19.878411910669975,0,0
019_baseline_15_streams,phases.json,mix11,9,9,4,806,1.0397022332506203,33.06079404466501,0.0,9.372208436724566,20.410669975186103,0,0
019_baseline_15_streams,phases.json,mix11,10,10,4,782,1.030690537084399,32.38363171355499,11.569053708439897,8.636828644501279,19.69693094629156,4,4
019_baseline_15_streams,phases.json,mix22,0,0,5,881,2.0,56.11237230419977,0.0,9.921679909194097,21.34506242905789,0,0
019_baseline_15_streams,phases.json,mix22,1,1,6,1008,1.8740079365079365,48.660714285714285,0.0,10.064484126984127,30.439484126984127,0,0
019_baseline_15_streams,phases.json,mix22,2,2,6,1008,1.8740079365079365,48.61011904761905,0.0,10.317460317460318,29.993055555555557,0,0
019_baseline_15_streams,phases.json,mix22,3,3,6,1006,1.874751491053678,48.9065606361829,0.0,10.297216699801194,30.559642147117295,0,0
019_baseline_15_streams,phases.json,mix22,4,4,6,987,1.8905775075987843,49.7629179331307,0.0,10.22695035460993,30.796352583586625,0,0
019_baseline_15_streams,phases.json,mix22,5,5,6,958,1.918580375782881,50.626304801670145,0.0,10.221294363256785,31.237995824634655,0,0
019_baseline_15_streams,phases.json,mix22,6,6,6,927,1.9492988133764833,48.76699029126213,0.0,10.181229773462784,30.659115426105718,0,0
019_baseline_15_streams,phases.json,mix22,7,7,6,901,1.9755826859045504,50.400665926748054,0.0,10.290788013318535,31.246392896781355,0,0
019_baseline_15_streams,phases.json,mix22,8,8,6,1077,1.8152274837511606,43.65738161559889,0.0,9.526462395543176,28.19962859795729,0,0
019_baseline_15_streams,phases.json,mix22,9,9,6,1079,1.81371640407785,45.92215013901761,0.0,9.949953660797034,28.53475440222428,0,0
019_baseline_15_streams,phases.json,mix22,10,10,6,1052,1.829847908745247,41.23669201520912,11.875475285171103,9.125475285171103,25.711026615969583,3,3
019_baseline_15_streams,phases.json,mix33,0,0,8,993,2.995971802618328,69.55891238670695,0.0,11.701913393756294,30.36958710976838,0,0
019_baseline_15_streams,phases.json,mix33,1,1,8,1042,2.9750479846449136,67.9088291746641,0.0,11.710172744721689,45.30134357005758,0,0
019_baseline_15_streams,phases.json,mix33,2,2,8,1036,2.865830115830116,65.29729729729729,0.0,11.694015444015443,42.602316602316606,0,0
019_baseline_15_streams,phases.json,mix33,3,3,8,1030,2.877669902912621,66.75825242718446,0.0,11.607766990291262,43.43495145631068,0,0
019_baseline_15_streams,phases.json,mix33,4,4,8,1021,2.8863858961802156,67.60626836434868,0.0,11.474045053868757,43.83545543584721,0,0
019_baseline_15_streams,phases.json,mix33,5,5,8,1007,2.903674280039722,70.81529294935451,0.0,12.432969215491559,44.298907646474674,0,0
019_baseline_15_streams,phases.json,mix33,6,6,8,1022,2.907045009784736,65.27788649706459,0.0,11.576320939334638,43.31311154598826,0,0
019_baseline_15_streams,phases.json,mix33,7,7,8,1002,2.9161676646706587,66.31137724550898,0.0,11.655688622754491,43.92614770459082,0,0
019_baseline_15_streams,phases.json,mix33,8,8,8,987,2.9250253292806483,62.979736575481255,0.0,10.752786220871327,42.358662613981764,0,0
019_baseline_15_streams,phases.json,mix33,9,9,8,960,2.953125,62.284375,0.0,11.403125,42.575,0,0
019_baseline_15_streams,phases.json,mix33,10,10,8,947,2.972544878563886,58.355860612460404,12.292502639915522,10.45089757127772,36.537486800422386,9,9
020_gpu_idle_diagnostic,phases.json,mix11a,0,0,4,927,1.0,42.48543689320388,0.0,9.037756202804747,13.611650485436893,0,0
020_gpu_idle_diagnostic,phases.json,mix11a,1,1,4,927,1.0,34.41208198489752,0.0,9.504854368932039,21.08522114347357,0,0
020_gpu_idle_diagnostic,phases.json,mix11a,2,2,5,934,1.0,34.063169164882225,0.0,9.610278372591006,20.67130620985011,0,0
020_gpu_idle_diagnostic,phases.json,mix11a,3,3,5,933,1.0,34.531618435155416,0.0,9.638799571275456,20.836012861736336,0,0
020_gpu_idle_diagnostic,phases.json,mix11a,4,4,5,933,1.0,34.851018220793144,0.0,9.678456591639872,21.381564844587352,0,0
020_gpu_idle_diagnostic,phases.json,mix11a,5,5,4,699,1.0,37.5379113018598,0.0,12.612303290414879,21.56080114449213,0,0
020_gpu_idle_diagnostic,phases.json,mix11a,6,6,4,759,1.0,34.772068511198945,0.0,9.711462450592885,20.873517786561266,0,0
020_gpu_idle_diagnostic,phases.json,mix11a,7,7,4,926,1.0,34.125269978401725,0.0,9.693304535637148,20.614470842332615,0,0
020_gpu_idle_diagnostic,phases.json,mix11a,8,8,4,926,1.0,31.29805615550756,0.0,8.904967602591793,19.361771058315334,0,0
020_gpu_idle_diagnostic,phases.json,mix11a,9,9,3,697,1.0,31.34863701578192,0.0,8.790530846484936,19.428981348637016,0,0
020_gpu_idle_diagnostic,phases.json,mix11a,10,10,3,700,1.0,31.204285714285714,11.551428571428572,8.581428571428571,19.484285714285715,2,2
020_gpu_idle_diagnostic,phases.json,mix15a,0,0,7,1251,1.363709032773781,48.278177458033575,0.0,9.683453237410072,16.310951239008794,0,0
020_gpu_idle_diagnostic,phases.json,mix15a,1,1,8,1358,1.3350515463917525,40.79896907216495,0.0,9.955081001472754,24.87776141384389,0,0
020_gpu_idle_diagnostic,phases.json,mix15a,2,2,7,1178,1.3319185059422751,39.73769100169779,0.0,9.79202037351443,24.095076400679115,0,0
020_gpu_idle_diagnostic,phases.json,mix15a,3,3,7,1191,1.3316540722082284,39.666666666666664,0.0,9.619647355163728,24.248530646515533,0,0
020_gpu_idle_diagnostic,phases.json,mix15a,4,4,8,1349,1.335063009636768,40.787991104521865,0.0,9.578947368421053,24.8117123795404,0,0
020_gpu_idle_diagnostic,phases.json,mix15a,5,5,8,1349,1.335063009636768,45.25277983691623,0.0,13.175685693106004,25.789473684210527,0,0
020_gpu_idle_diagnostic,phases.json,mix15a,6,6,8,1290,1.3503875968992247,40.531007751937985,0.0,9.906976744186046,24.544186046511626,0,0
020_gpu_idle_diagnostic,phases.json,mix15a,7,7,8,1289,1.3506594259115594,39.89681923972071,0.0,9.763382467028704,24.182311869666407,0,0
020_gpu_idle_diagnostic,phases.json,mix15a,8,8,8,1252,1.3610223642172523,37.448083067092654,0.0,8.993610223642172,23.27476038338658,0,0
020_gpu_idle_diagnostic,phases.json,mix15a,9,9,8,1443,1.3132363132363132,36.59043659043659,0.0,8.986832986832987,22.796950796950796,0,0
020_gpu_idle_diagnostic,phases.json,mix15a,10,10,8,1407,1.3212508884150675,35.71570717839374,11.663113006396589,8.874911158493248,21.99857853589197,16,16
020_gpu_idle_diagnostic,phases.json,mix15b,0,0,7,1274,1.3642072213500784,47.87048665620094,0.0,9.619309262166405,16.291208791208792,0,0
020_gpu_idle_diagnostic,phases.json,mix15b,1,1,7,1272,1.3624213836477987,40.573113207547166,0.0,9.827830188679245,25.028301886792452,0,0
020_gpu_idle_diagnostic,phases.json,mix15b,2,2,7,1273,1.3629222309505107,39.927729772191675,0.0,9.739198743126472,24.256087981146898,0,0
020_gpu_idle_diagnostic,phases.json,mix15b,3,3,7,1276,1.3636363636363635,40.09561128526646,0.0,9.59012539184953,24.41457680250784,0,0
020_gpu_idle_diagnostic,phases.json,mix15b,4,4,8,1439,1.3599722029186936,40.36553161917998,0.0,9.463516330785268,24.71994440583739,0,0
020_gpu_idle_diagnostic,phases.json,mix15b,5,5,8,1382,1.3581765557163532,44.474674384949346,0.0,13.039073806078148,25.458031837916064,0,0
020_gpu_idle_diagnostic,phases.json,mix15b,6,6,8,1371,1.3581327498176514,39.87235594456601,0.0,9.762946754194019,24.167031363967908,0,0
020_gpu_idle_diagnostic,phases.json,mix15b,7,7,8,1428,1.3571428571428572,40.03361344537815,0.0,9.643557422969188,24.07282913165266,0,0
020_gpu_idle_diagnostic,phases.json,mix15b,8,8,7,1231,1.3582453290008123,36.582453290008125,0.0,8.987814784727863,23.0804224207961,0,0
020_gpu_idle_diagnostic,phases.json,mix15b,9,9,7,1219,1.3584905660377358,36.1214109926169,0.0,8.900738310090238,23.091058244462673,0,0
020_gpu_idle_diagnostic,phases.json,mix15b,10,10,7,1207,1.35956917978459,35.903065451532726,11.661143330571665,8.88152444076222,22.224523612261805,8,8
021_moe_decode_kernel,phases.json,mix11a,10,10,1,10,1.0,34.3,11.5,10.8,20.5,0,0
021_moe_decode_kernel,phases.json,mix15a,7,7,1,1,1.0,97.0,0.0,20.0,41.0,0,0
023_split_bench,phases.json,mix15a,0,0,7,1256,1.3646496815286624,47.59076433121019,0.0,9.63375796178344,15.873407643312103,0,0
023_split_bench,phases.json,mix15a,1,1,7,1258,1.3640699523052464,40.992845786963436,0.0,10.388712241653419,24.7758346581876,0,0
023_split_bench,phases.json,mix15a,2,2,7,1258,1.3640699523052464,41.18282988871224,0.0,10.04054054054054,25.16216216216216,0,0
023_split_bench,phases.json,mix15a,3,3,7,1258,1.3640699523052464,41.59300476947536,0.0,9.694753577106518,25.166931637519873,0,0
023_split_bench,phases.json,mix15a,4,4,7,1258,1.3640699523052464,39.82432432432432,0.0,9.583465818759937,24.30763116057234,0,0
023_split_bench,phases.json,mix15a,5,5,7,1258,1.3640699523052464,41.00476947535771,0.0,9.696343402225756,25.232114467408586,0,0
023_split_bench,phases.json,mix15a,6,6,6,1077,1.3630454967502321,39.546889507892296,0.0,9.497678737233056,24.042711234911792,0,0
023_split_bench,phases.json,mix15a,7,7,7,1248,1.3645833333333333,40.41586538461539,0.0,9.573717948717949,25.104166666666668,0,0
023_split_bench,phases.json,mix15a,8,8,7,1265,1.3612648221343873,36.83399209486166,0.0,8.95098814229249,22.949407114624506,0,0
023_split_bench,phases.json,mix15a,9,9,7,1275,1.3607843137254902,36.71843137254902,0.0,8.981960784313726,22.929411764705883,0,0
023_split_bench,phases.json,mix15a,10,10,6,1097,1.3646308113035552,36.58523245214221,11.625341841385596,8.917046490428442,22.376481312670922,10,10
024_prefill_windows,phases.json,fresh1a,2,2,1,156,1.0,35.955128205128204,0.0,11.435897435897436,21.28205128205128,0,0
024_prefill_windows,phases.json,fresh1b,1,1,1,14,1.0,36.42857142857143,0.0,11.571428571428571,21.5,0,0
024_prefill_windows,phases.json,fresh1b,2,2,1,1,1.0,37.0,0.0,11.0,21.0,0,0
024_prefill_windows,phases.json,fresh1b,6,6,1,140,1.0,35.55714285714286,0.0,11.25,20.957142857142856,0,0
024_prefill_windows,phases.json,fresh1b,8,8,1,114,1.0,31.903508771929825,0.0,9.412280701754385,19.605263157894736,0,0
024_prefill_windows,phases.json,fresh1b,10,10,1,111,1.0,31.144144144144143,11.45945945945946,8.972972972972974,19.576576576576578,0,0
024_prefill_windows,phases.json,stag15,0,0,5,913,1.3362541073384446,47.164293537787515,0.0,9.546549835706463,15.636363636363637,0,0
024_prefill_windows,phases.json,stag15,1,1,6,948,1.3238396624472575,40.48945147679325,0.0,10.44831223628692,24.649789029535864,0,0
024_prefill_windows,phases.json,stag15,2,2,6,946,1.3234672304439747,40.0507399577167,0.0,10.087737843551798,24.272727272727273,0,0
024_prefill_windows,phases.json,stag15,3,3,6,945,1.3238095238095238,40.547089947089944,0.0,9.832804232804232,24.807407407407407,0,0
024_prefill_windows,phases.json,stag15,4,4,6,944,1.3230932203389831,40.255296610169495,0.0,9.997881355932204,24.64300847457627,0,0
024_prefill_windows,phases.json,stag15,5,5,6,943,1.3234358430540827,40.501590668080595,0.0,10.028632025450689,24.556733828207847,0,0
024_prefill_windows,phases.json,stag15,6,6,6,941,1.3230605738575982,38.784272051009566,0.0,9.700318809776833,23.85441020191286,0,0
024_prefill_windows,phases.json,stag15,7,7,6,941,1.3219978746014878,39.3634431455898,0.0,9.749202975557917,23.841657810839532,0,0
024_prefill_windows,phases.json,stag15,8,8,6,940,1.3223404255319149,35.65106382978723,0.0,8.964893617021277,22.659574468085108,0,0
024_prefill_windows,phases.json,stag15,9,9,6,938,1.3230277185501067,35.91897654584222,0.0,9.181236673773988,22.81449893390192,0,0
024_prefill_windows,phases.json,stag15,10,10,6,936,1.3237179487179487,35.57371794871795,11.60576923076923,8.952991452991453,21.932692307692307,14,14
024_prefill_windows,phases.json,mix15a,0,0,7,1294,1.3639876352395672,47.47140649149923,0.0,9.504636785162287,15.84080370942813,0,0
024_prefill_windows,phases.json,mix15a,1,1,7,1114,1.3635547576301617,41.18850987432675,0.0,10.238779174147217,24.95511669658887,0,0
024_prefill_windows,phases.json,mix15a,2,2,7,1113,1.3638814016172507,40.39802336028751,0.0,9.951482479784367,24.67924528301887,0,0
024_prefill_windows,phases.json,mix15a,3,3,7,1116,1.3629032258064515,40.57795698924731,0.0,9.701612903225806,25.137096774193548,0,0
024_prefill_windows,phases.json,mix15a,4,4,8,1297,1.363916730917502,40.857363145720896,0.0,9.828064764841942,25.029298380878952,0,0
024_prefill_windows,phases.json,mix15a,5,5,8,1299,1.363356428021555,40.891454965357966,0.0,9.939183987682833,24.935334872979215,0,0
024_prefill_windows,phases.json,mix15a,6,6,8,1300,1.363846153846154,39.51307692307692,0.0,9.612307692307692,24.307692307692307,0,0
024_prefill_windows,phases.json,mix15a,7,7,7,1298,1.3636363636363635,40.15562403697997,0.0,9.612480739599384,24.204930662557782,0,0
024_prefill_windows,phases.json,mix15a,8,8,7,1298,1.3636363636363635,36.15562403697997,0.0,8.923728813559322,23.11402157164869,0,0
024_prefill_windows,phases.json,mix15a,9,9,7,1297,1.3631457208943716,36.31225905936777,0.0,9.15497301464919,23.242868157286043,0,0
024_prefill_windows,phases.json,mix15a,10,10,7,1297,1.3631457208943716,36.02929838087895,11.612952968388589,8.969930609097919,22.43099460292984,9,9
026_decode_kernel_group64,phases.json,mix15a,0,0,7,1288,1.3633540372670807,51.88819875776397,0.0,10.407608695652174,18.29580745341615,0,0
026_decode_kernel_group64,phases.json,mix15a,1,1,7,1294,1.3632148377125193,42.14374034003091,0.0,10.412673879443586,25.80834621329212,0,0
026_decode_kernel_group64,phases.json,mix15a,2,2,7,1295,1.3644787644787644,40.86332046332046,0.0,10.277220077220077,24.775289575289577,0,0
026_decode_kernel_group64,phases.json,mix15a,3,3,7,1296,1.3634259259259258,40.47145061728395,0.0,10.001543209876543,24.560956790123456,0,0
026_decode_kernel_group64,phases.json,mix15a,4,4,7,1297,1.3631457208943716,41.46414803392444,0.0,10.089437162683115,25.336160370084812,0,0
026_decode_kernel_group64,phases.json,mix15a,5,5,7,1294,1.3647604327666152,39.32457496136012,0.0,9.645285935085008,23.817619783616692,0,0
026_decode_kernel_group64,phases.json,mix15a,6,6,7,1296,1.3641975308641976,39.56867283950617,0.0,9.527006172839506,24.503858024691358,0,0
026_decode_kernel_group64,phases.json,mix15a,7,7,7,1295,1.3644787644787644,39.58918918918919,0.0,9.582239382239383,24.102702702702704,0,0
026_decode_kernel_group64,phases.json,mix15a,8,8,7,1293,1.3650425367362722,35.55529775715391,0.0,8.868522815158546,22.614075792730084,0,0
026_decode_kernel_group64,phases.json,mix15a,9,9,7,1292,1.3653250773993808,35.6733746130031,0.0,8.924148606811146,22.453560371517028,0,0
026_decode_kernel_group64,phases.json,mix15a,10,10,7,1293,1.3619489559164732,35.20030935808198,11.580819798917247,9.150812064965198,21.682134570765662,8,8
026_decode_kernel_group64,phases.json,mix15b,0,0,7,1300,1.363846153846154,51.94615384615385,0.0,10.441538461538462,18.345384615384614,0,0
026_decode_kernel_group64,phases.json,mix15b,1,1,8,1380,1.3543478260869566,42.0036231884058,0.0,10.41304347826087,25.628260869565217,0,0
026_decode_kernel_group64,phases.json,mix15b,2,2,8,1375,1.3549090909090908,40.41381818181818,0.0,10.272727272727273,24.58109090909091,0,0
026_decode_kernel_group64,phases.json,mix15b,3,3,8,1372,1.3549562682215743,40.262390670553934,0.0,10.057580174927114,24.470116618075803,0,0
026_decode_kernel_group64,phases.json,mix15b,4,4,8,1374,1.3544395924308588,41.32387190684134,0.0,10.155021834061136,25.26783114992722,0,0
026_decode_kernel_group64,phases.json,mix15b,5,5,8,1357,1.352984524686809,38.89388356669123,0.0,9.739867354458363,23.66764922623434,0,0
026_decode_kernel_group64,phases.json,mix15b,6,6,8,1362,1.3531571218795888,40.00734214390602,0.0,9.620411160058737,24.491189427312776,0,0
026_decode_kernel_group64,phases.json,mix15b,7,7,8,1351,1.3530717986676535,39.43153219837158,0.0,9.620281273131013,24.008142116950406,0,0
026_decode_kernel_group64,phases.json,mix15b,8,8,8,1350,1.3533333333333333,35.22148148148148,0.0,8.876296296296296,22.476296296296297,0,0
026_decode_kernel_group64,phases.json,mix15b,9,9,8,1350,1.3533333333333333,35.69777777777778,0.0,8.958518518518519,22.446666666666665,0,0
026_decode_kernel_group64,phases.json,mix15b,10,10,8,1340,1.3544776119402986,35.5634328358209,11.565671641791045,9.138805970149253,21.72910447761194,8,8
027_rank0_dense_as_moe,phases.json,mix15a,0,0,7,1313,1.3625285605483626,43.680883472962684,0.0,10.618431073876618,17.37242955064737,0,0
027_rank0_dense_as_moe,phases.json,mix15a,1,1,7,1314,1.3637747336377473,40.87975646879757,0.0,9.73896499238965,24.91552511415525,0,0
027_rank0_dense_as_moe,phases.json,mix15a,2,2,7,1313,1.3648134044173648,40.863670982482866,0.0,9.881188118811881,24.803503427265802,0,0
027_rank0_dense_as_moe,phases.json,mix15a,3,3,7,1312,1.365091463414634,40.40091463414634,0.0,9.516768292682928,24.91234756097561,0,0
027_rank0_dense_as_moe,phases.json,mix15a,4,4,7,1315,1.36425855513308,40.25931558935361,0.0,9.6,24.761216730038022,0,0
027_rank0_dense_as_moe,phases.json,mix15a,5,5,7,1315,1.36425855513308,39.63269961977186,0.0,9.599239543726236,24.28365019011407,0,0
027_rank0_dense_as_moe,phases.json,mix15a,6,6,7,1315,1.36425855513308,39.23422053231939,0.0,9.375665399239544,23.74828897338403,0,0
027_rank0_dense_as_moe,phases.json,mix15a,7,7,7,1314,1.3637747336377473,40.36377473363775,0.0,9.698630136986301,24.444444444444443,0,0
027_rank0_dense_as_moe,phases.json,mix15a,8,8,7,1314,1.3637747336377473,36.611111111111114,0.0,9.26027397260274,23.191019786910196,0,0
027_rank0_dense_as_moe,phases.json,mix15a,9,9,7,1317,1.3621867881548975,35.68488990129081,0.0,8.849658314350798,22.87167805618831,0,0
027_rank0_dense_as_moe,phases.json,mix15a,10,10,7,1314,1.3622526636225267,35.96499238964992,11.620243531202435,9.120243531202435,22.34398782343988,13,13
027_rank0_dense_as_moe,phases.json,mix15b,0,0,7,1305,1.3639846743295019,43.66436781609195,0.0,10.53103448275862,17.457471264367815,0,0
027_rank0_dense_as_moe,phases.json,mix15b,1,1,8,1356,1.357669616519174,40.71755162241888,0.0,9.789823008849558,24.995575221238937,0,0
027_rank0_dense_as_moe,phases.json,mix15b,2,2,8,1360,1.3551470588235295,40.88308823529412,0.0,9.906617647058823,24.944117647058825,0,0
027_rank0_dense_as_moe,phases.json,mix15b,3,3,8,1361,1.3556208670095518,40.433504775900076,0.0,9.498897869213813,25.030124908155766,0,0
027_rank0_dense_as_moe,phases.json,mix15b,4,4,8,1356,1.3554572271386431,40.097345132743364,0.0,9.558997050147493,24.85914454277286,0,0
027_rank0_dense_as_moe,phases.json,mix15b,5,5,8,1356,1.3554572271386431,40.21828908554572,0.0,9.624631268436579,24.627581120943955,0,0
027_rank0_dense_as_moe,phases.json,mix15b,6,6,8,1355,1.3549815498154982,39.111439114391146,0.0,9.416236162361624,23.99630996309963,0,0
027_rank0_dense_as_moe,phases.json,mix15b,7,7,8,1355,1.3549815498154982,40.11291512915129,0.0,9.699630996309963,24.540221402214023,0,0
027_rank0_dense_as_moe,phases.json,mix15b,8,8,8,1355,1.3549815498154982,36.966051660516605,0.0,9.28929889298893,23.467896678966788,0,0
027_rank0_dense_as_moe,phases.json,mix15b,9,9,8,1349,1.3565604151223127,36.0,0.0,8.876204595997034,23.097108969607117,0,0
027_rank0_dense_as_moe,phases.json,mix15b,10,10,8,1351,1.3560325684678016,35.83345669874167,11.610658771280534,9.091043671354551,22.37379718726869,9,9
027_rank0_dense_as_moe,phases.json,fresh1,1,1,1,63,1.1587301587301588,38.095238095238095,0.0,10.063492063492063,22.88888888888889,0,0
027_rank0_dense_as_moe,phases.json,fresh1,2,2,1,57,1.1754385964912282,39.03508771929825,0.0,10.24561403508772,23.157894736842106,0,0
027_rank0_dense_as_moe,phases.json,fresh1,3,3,1,56,1.1607142857142858,38.94642857142857,0.0,9.857142857142858,23.107142857142858,0,0
027_rank0_dense_as_moe,phases.json,fresh1,4,4,1,56,1.1607142857142858,38.339285714285715,0.0,9.892857142857142,22.964285714285715,0,0
027_rank0_dense_as_moe,phases.json,fresh1,5,5,1,56,1.1607142857142858,38.285714285714285,0.0,9.767857142857142,22.607142857142858,0,0
027_rank0_dense_as_moe,phases.json,fresh1,6,6,1,56,1.1607142857142858,38.607142857142854,0.0,9.803571428571429,22.571428571428573,0,0
027_rank0_dense_as_moe,phases.json,fresh1,7,7,1,56,1.1607142857142858,37.92857142857143,0.0,9.910714285714286,22.607142857142858,0,0
027_rank0_dense_as_moe,phases.json,fresh1,8,8,1,55,1.1454545454545455,34.38181818181818,0.0,9.254545454545454,21.12727272727273,0,0
027_rank0_dense_as_moe,phases.json,fresh1,9,9,1,55,1.1454545454545455,33.56363636363636,0.0,8.781818181818181,20.89090909090909,0,0
027_rank0_dense_as_moe,phases.json,fresh1,10,10,1,55,1.1454545454545455,35.27272727272727,11.527272727272727,9.072727272727272,21.09090909090909,0,0
028_head_batching,phases.json,mix15a,0,0,7,1263,1.3602533650039588,43.889944576405384,0.0,10.423594615993666,17.802850356294538,0,0
028_head_batching,phases.json,mix15a,1,1,7,1263,1.3634204275534443,41.0221694378464,0.0,9.898653998416469,25.197149643705462,0,0
028_head_batching,phases.json,mix15a,2,2,7,1263,1.3634204275534443,40.48851939825811,0.0,9.60332541567696,24.776722090261284,0,0
028_head_batching,phases.json,mix15a,3,3,7,1263,1.3642121931908155,40.57323832145685,0.0,9.521773555027712,25.31908155186065,0,0
028_head_batching,phases.json,mix15a,4,4,7,1262,1.364500792393027,41.70285261489699,0.0,10.18621236133122,25.27416798732171,0,0
028_head_batching,phases.json,mix15a,5,5,7,1261,1.3647898493259318,41.03409992069786,0.0,9.645519429024583,25.376685170499602,0,0
028_head_batching,phases.json,mix15a,6,6,7,1263,1.3642121931908155,40.23673792557403,0.0,9.457640538400634,25.090261282660332,0,0
028_head_batching,phases.json,mix15a,7,7,5,904,1.3628318584070795,39.63495575221239,0.0,9.636061946902656,24.10730088495575,0,0
028_head_batching,phases.json,mix15a,8,8,6,1083,1.3647276084949216,36.144967682363806,0.0,8.928901200369344,22.953831948291782,0,0
028_head_batching,phases.json,mix15a,9,9,5,904,1.3628318584070795,36.44579646017699,0.0,8.944690265486726,23.226769911504423,0,0
028_head_batching,phases.json,mix15a,10,10,7,1262,1.3629160063391441,35.08478605388272,7.315372424722662,8.854992076069731,21.729793977812996,9,9
028_head_batching,phases.json,mix15b,0,0,7,1272,1.3647798742138364,43.51493710691824,0.0,10.407232704402515,17.78616352201258,0,0
028_head_batching,phases.json,mix15b,1,1,8,1301,1.3535741737125289,41.03920061491161,0.0,9.910069177555727,25.068408916218292,0,0
028_head_batching,phases.json,mix15b,2,2,7,1272,1.3647798742138364,40.310534591194966,0.0,9.639150943396226,24.684748427672957,0,0
028_head_batching,phases.json,mix15b,3,3,8,1367,1.3562545720555963,40.63057790782736,0.0,9.569861009509875,25.193855157278712,0,0
028_head_batching,phases.json,mix15b,4,4,8,1366,1.356515373352855,41.39165446559297,0.0,10.22181551976574,25.00878477306003,0,0
028_head_batching,phases.json,mix15b,5,5,8,1365,1.3560439560439561,40.83003663003663,0.0,9.697435897435897,25.13113553113553,0,0
028_head_batching,phases.json,mix15b,6,6,7,1177,1.355140186915888,40.50382327952421,0.0,9.53355989804588,24.907391673746815,0,0
028_head_batching,phases.json,mix15b,7,7,8,1360,1.3573529411764707,38.883823529411764,0.0,9.564705882352941,23.8125,0,0
028_head_batching,phases.json,mix15b,8,8,8,1366,1.3550512445095169,35.69692532942899,0.0,8.900439238653002,22.702049780380673,0,0
028_head_batching,phases.json,mix15b,9,9,8,1364,1.3555718475073313,36.0,0.0,8.903225806451612,22.99560117302053,0,0
028_head_batching,phases.json,mix15b,10,10,7,1182,1.356175972927242,34.54737732656515,7.253807106598985,8.845177664974619,21.46954314720812,8,8
028_head_batching,phases.json,fresh1,1,1,1,99,1.2323232323232323,38.97979797979798,0.0,9.93939393939394,23.636363636363637,0,0
028_head_batching,phases.json,fresh1,3,3,1,95,1.2,39.757894736842104,0.0,9.494736842105263,23.621052631578948,0,0
028_head_batching,phases.json,fresh1,4,4,1,95,1.2,39.410526315789475,0.0,9.957894736842105,23.178947368421053,0,0
028_head_batching,phases.json,fresh1,5,5,1,95,1.2,38.66315789473684,0.0,9.547368421052632,23.53684210526316,0,0
028_head_batching,phases.json,fresh1,6,6,1,95,1.2,38.73684210526316,0.0,9.410526315789474,23.347368421052632,0,0
028_head_batching,phases.json,fresh1,7,7,1,95,1.2,38.14736842105263,0.0,9.51578947368421,22.242105263157896,0,0
028_head_batching,phases.json,fresh1,8,8,1,88,1.2159090909090908,35.28409090909091,0.0,8.920454545454545,21.488636363636363,0,0
028_head_batching,phases.json,fresh1,9,9,1,89,1.2134831460674158,36.0,0.0,8.932584269662922,21.97752808988764,0,0
028_head_batching,phases.json,fresh1,10,10,1,91,1.2087912087912087,33.604395604395606,7.857142857142857,8.791208791208792,20.494505494505493,1,1
029_decode_kernels_exact,phases.json,mix15a,0,0,7,1299,1.363356428021555,44.153194765204006,0.0,10.844495765973827,17.567359507313316,0,0
029_decode_kernels_exact,phases.json,mix15a,1,1,8,1323,1.3544973544973544,41.233560090702944,0.0,9.870748299319727,25.267573696145124,0,0
029_decode_kernels_exact,phases.json,mix15a,2,2,7,1299,1.363356428021555,40.08622016936105,0.0,9.846805234795998,24.25019245573518,0,0
029_decode_kernels_exact,phases.json,mix15a,3,3,7,1299,1.363356428021555,39.28560431100847,0.0,9.519630484988452,24.308698999230177,0,0
029_decode_kernels_exact,phases.json,mix15a,4,4,7,1298,1.3636363636363635,39.665639445300464,0.0,9.521571648690292,24.332049306625578,0,0
029_decode_kernels_exact,phases.json,mix15a,5,5,7,1298,1.3636363636363635,40.59322033898305,0.0,9.830508474576272,24.76964560862866,0,0
029_decode_kernels_exact,phases.json,mix15a,6,6,7,1304,1.3627300613496933,42.55444785276074,0.0,11.311349693251534,26.243098159509202,0,0
029_decode_kernels_exact,phases.json,mix15a,7,7,7,1298,1.3636363636363635,40.047765793528505,0.0,9.587057010785824,24.29815100154083,0,0
029_decode_kernels_exact,phases.json,mix15a,8,8,7,1297,1.363916730917502,36.12490362374711,0.0,8.909791827293756,22.934464148033925,0,0
029_decode_kernels_exact,phases.json,mix15a,9,9,7,1303,1.363008442056792,35.732156561780506,0.0,8.892555640828856,22.670759785111283,0,0
029_decode_kernels_exact,phases.json,mix15a,10,10,7,1307,1.3618974751338944,35.858454475899,11.707727620504974,8.846212700841622,22.120122417750572,13,13
029_decode_kernels_exact,phases.json,mix15b,0,0,7,1307,1.3634276970160673,44.05432287681714,0.0,10.822494261667941,17.576128538638102,0,0
029_decode_kernels_exact,phases.json,mix15b,1,1,7,1205,1.3526970954356847,40.77593360995851,0.0,9.878008298755187,25.163485477178423,0,0
029_decode_kernels_exact,phases.json,mix15b,2,2,7,1202,1.3510815307820299,40.14891846921797,0.0,9.842762063227953,24.252911813643927,0,0
029_decode_kernels_exact,phases.json,mix15b,3,3,6,1117,1.3634735899731423,39.811101163831694,0.0,9.512981199641898,24.405550581915847,0,0
029_decode_kernels_exact,phases.json,mix15b,4,4,8,1389,1.3513318934485241,39.8300935925126,0.0,9.61411087113031,24.34053275737941,0,0
029_decode_kernels_exact,phases.json,mix15b,5,5,8,1390,1.3525179856115108,40.319424460431655,0.0,9.833812949640288,24.579856115107912,0,0
029_decode_kernels_exact,phases.json,mix15b,6,6,8,1382,1.35383502170767,42.000723589001446,0.0,11.127351664254704,26.026772793053546,0,0
029_decode_kernels_exact,phases.json,mix15b,7,7,8,1392,1.3527298850574712,40.07327586206897,0.0,9.557471264367816,24.200431034482758,0,0
029_decode_kernels_exact,phases.json,mix15b,8,8,8,1392,1.3527298850574712,35.87859195402299,0.0,8.906609195402298,22.81537356321839,0,0
029_decode_kernels_exact,phases.json,mix15b,9,9,8,1383,1.354302241503977,35.81489515545915,0.0,8.92769342010123,22.619667389732466,0,0
029_decode_kernels_exact,phases.json,mix15b,10,10,8,1389,1.353491720662347,35.61555075593952,11.69618430525558,8.830813534917207,22.113750899928007,9,9
029_decode_kernels_exact,phases.json,fresh1,1,1,1,64,1.1875,38.640625,0.0,9.875,23.265625,0,0
029_decode_kernels_exact,phases.json,fresh1,2,2,1,62,1.1774193548387097,37.516129032258064,0.0,9.919354838709678,22.241935483870968,0,0
029_decode_kernels_exact,phases.json,fresh1,3,3,1,62,1.1774193548387097,37.75806451612903,0.0,9.5,22.43548387096774,0,0
029_decode_kernels_exact,phases.json,fresh1,4,4,1,62,1.1774193548387097,38.79032258064516,0.0,9.709677419354838,22.64516129032258,0,0
029_decode_kernels_exact,phases.json,fresh1,5,5,1,60,1.15,37.03333333333333,0.0,9.783333333333333,22.15,0,0
029_decode_kernels_exact,phases.json,fresh1,6,6,1,60,1.15,39.8,0.0,11.133333333333333,23.833333333333332,0,0
029_decode_kernels_exact,phases.json,fresh1,7,7,1,54,1.1481481481481481,36.388888888888886,0.0,9.425925925925926,21.62962962962963,0,0
029_decode_kernels_exact,phases.json,fresh1,8,8,1,54,1.1481481481481481,34.111111111111114,0.0,8.925925925925926,20.814814814814813,0,0
029_decode_kernels_exact,phases.json,fresh1,9,9,1,54,1.1481481481481481,33.629629629629626,0.0,8.833333333333334,20.59259259259259,0,0
029_decode_kernels_exact,phases.json,fresh1,10,10,1,54,1.1481481481481481,33.388888888888886,11.61111111111111,8.722222222222221,20.444444444444443,0,0
031_single_stream_check,phases.json,fam0explain,0,8,2,402,1.0,38.69402985074627,0.0,10.549751243781095,14.569651741293532,0,0
031_single_stream_check,phases.json,fam0explain,1,1,3,485,1.0329896907216496,36.59381443298969,0.0,10.85979381443299,21.47422680412371,0,0
031_single_stream_check,phases.json,fam0explain,2,2,3,478,1.0334728033472804,35.78033472803347,0.0,10.44560669456067,21.048117154811717,0,0
031_single_stream_check,phases.json,fam0explain,3,3,3,477,1.0314465408805031,36.37945492662474,0.0,10.278825995807129,21.459119496855347,0,0
031_single_stream_check,phases.json,fam0explain,4,4,3,476,1.0294117647058822,36.55042016806723,0.0,10.36344537815126,21.48739495798319,0,0
031_single_stream_check,phases.json,fam0explain,5,5,3,478,1.0313807531380754,36.73430962343096,0.0,10.205020920502092,21.803347280334727,0,0
031_single_stream_check,phases.json,fam0explain,6,6,3,477,1.029350104821803,35.38155136268344,0.0,10.171907756813416,20.78197064989518,0,0
031_single_stream_check,phases.json,fam0explain,7,7,3,476,1.0294117647058822,36.51470588235294,0.0,10.165966386554622,21.52310924369748,0,0
031_single_stream_check,phases.json,fam0explain,8,0,3,477,1.029350104821803,39.14884696016772,0.0,10.815513626834381,23.68553459119497,0,0
031_single_stream_check,phases.json,fam0explain,9,9,3,476,1.0294117647058822,32.00840336134454,0.0,8.989495798319327,19.68487394957983,0,0
031_single_stream_check,phases.json,fam0explain,10,10,3,476,1.0294117647058822,31.99579831932773,11.483193277310924,8.892857142857142,19.657563025210084,1,1
031_single_stream_check,phases.json,fam3story,0,8,3,589,1.0,38.96095076400679,0.0,10.604414261460102,14.745331069609508,0,0
031_single_stream_check,phases.json,fam3story,1,1,4,630,1.0,36.43492063492064,0.0,11.093650793650793,21.26031746031746,0,0
031_single_stream_check,phases.json,fam3story,2,2,5,628,1.0,35.72452229299363,0.0,10.702229299363058,20.85987261146497,0,0
031_single_stream_check,phases.json,fam3story,3,3,4,625,1.0,36.0176,0.0,10.5168,21.1984,0,0
031_single_stream_check,phases.json,fam3story,4,4,4,623,1.0,35.93900481540931,0.0,10.52808988764045,21.264847512038525,0,0
031_single_stream_check,phases.json,fam3story,5,5,4,621,1.0,36.486312399355874,0.0,10.318840579710145,21.524959742351047,0,0
031_single_stream_check,phases.json,fam3story,6,6,4,618,1.0,35.2168284789644,0.0,10.411003236245955,20.563106796116504,0,0
031_single_stream_check,phases.json,fam3story,7,7,4,617,1.0,35.557536466774714,0.0,10.296596434359806,21.051863857374393,0,0
031_single_stream_check,phases.json,fam3story,8,0,4,613,1.0,38.833605220228385,0.0,10.99021207177814,23.38499184339315,0,0
031_single_stream_check,phases.json,fam3story,9,9,4,611,1.0,31.891980360065467,0.0,9.135842880523732,19.49263502454992,0,0
031_single_stream_check,phases.json,fam3story,10,10,3,433,1.0,32.5473441108545,11.478060046189377,8.97459584295612,19.655889145496534,0,0
031_single_stream_check,phases.json,fam1code,0,8,1,212,1.0,38.160377358490564,0.0,10.24056603773585,14.452830188679245,0,0
031_single_stream_check,phases.json,fam1code,1,1,2,207,1.0,36.468599033816425,0.0,10.66183574879227,21.120772946859905,0,0
031_single_stream_check,phases.json,fam1code,2,2,2,207,1.0,35.729468599033815,0.0,10.458937198067632,20.7487922705314,0,0
031_single_stream_check,phases.json,fam1code,3,3,2,208,1.0,35.81730769230769,0.0,10.173076923076923,21.0,0,0
031_single_stream_check,phases.json,fam1code,4,4,2,208,1.0,35.76923076923077,0.0,10.39423076923077,21.16346153846154,0,0
031_single_stream_check,phases.json,fam1code,5,5,1,206,1.0,35.616504854368934,0.0,10.16504854368932,21.344660194174757,0,0
031_single_stream_check,phases.json,fam1code,6,6,1,206,1.0,34.86893203883495,0.0,10.097087378640778,20.45631067961165,0,0
031_single_stream_check,phases.json,fam1code,7,7,1,206,1.0,35.54854368932039,0.0,10.029126213592233,21.218446601941746,0,0
031_single_stream_check,phases.json,fam1code,8,0,1,206,1.0,38.31553398058252,0.0,10.728155339805825,23.223300970873787,0,0
031_single_stream_check,phases.json,fam1code,9,9,1,207,1.0,31.502415458937197,0.0,8.97584541062802,19.352657004830917,0,0
031_single_stream_check,phases.json,fam1code,10,10,1,207,1.0,32.2512077294686,11.468599033816425,8.797101449275363,19.47342995169082,1,1
031_single_stream_check,phases.json,fam2arith,2,2,1,104,1.0,36.25961538461539,0.0,10.740384615384615,20.798076923076923,0,0
031_single_stream_check,phases.json,fam2arith,6,6,1,98,1.0,35.58163265306123,0.0,10.510204081632653,20.5,0,0
031_single_stream_check,phases.json,fam2arith,7,7,1,97,1.0,36.52577319587629,0.0,10.505154639175258,21.24742268041237,0,0
031_single_stream_check,phases.json,fam2arith,8,0,1,96,1.0,39.489583333333336,0.0,11.1875,23.260416666666668,0,0
031_single_stream_check,phases.json,fam2arith,9,9,1,94,1.0,31.404255319148938,0.0,8.829787234042554,19.170212765957448,0,0
031_single_stream_check,phases.json,fam2arith,10,10,1,93,1.0,33.236559139784944,11.505376344086022,8.935483870967742,19.623655913978496,2,2
031_single_stream_check,phases.json,fam6rewrite,0,8,1,201,1.0,38.55223880597015,0.0,10.378109452736318,14.447761194029852,0,0
031_single_stream_check,phases.json,fam6rewrite,1,1,2,313,1.0,35.763578274760384,0.0,10.629392971246006,20.945686900958467,0,0
031_single_stream_check,phases.json,fam6rewrite,2,2,1,201,1.0,35.601990049751244,0.0,10.64676616915423,20.70646766169154,0,0
031_single_stream_check,phases.json,fam6rewrite,3,3,2,309,1.0,36.03559870550162,0.0,10.16504854368932,21.174757281553397,0,0
031_single_stream_check,phases.json,fam6rewrite,4,4,2,310,1.0,36.038709677419355,0.0,10.225806451612904,21.09032258064516,0,0
031_single_stream_check,phases.json,fam6rewrite,5,5,2,309,1.0,36.18122977346278,0.0,10.071197411003237,21.35275080906149,0,0
031_single_stream_check,phases.json,fam6rewrite,6,6,2,307,1.0,34.420195439739416,0.0,9.850162866449512,20.332247557003257,0,0
031_single_stream_check,phases.json,fam6rewrite,7,7,2,307,1.0,35.267100977198695,0.0,9.833876221498372,20.957654723127035,0,0
031_single_stream_check,phases.json,fam6rewrite,8,0,2,304,1.0,38.713815789473685,0.0,10.75328947368421,23.223684210526315,0,0
031_single_stream_check,phases.json,fam6rewrite,9,9,2,303,1.0,32.03300330033003,0.0,8.983498349834983,19.43894389438944,0,0
031_single_stream_check,phases.json,fam6rewrite,10,10,2,301,1.0,32.59800664451827,11.465116279069768,8.817275747508306,19.504983388704318,3,3
031_single_stream_check,phases.json,fam11truefalse,0,8,2,396,1.0,39.073232323232325,0.0,10.535353535353535,14.666666666666666,0,0
031_single_stream_check,phases.json,fam11truefalse,1,1,3,453,1.0,36.10596026490066,0.0,10.947019867549669,21.079470198675498,0,0
031_single_stream_check,phases.json,fam11truefalse,2,2,3,449,1.0,36.19599109131403,0.0,10.650334075723832,20.824053452115812,0,0
031_single_stream_check,phases.json,fam11truefalse,3,3,3,448,1.0,36.03794642857143,0.0,10.535714285714286,21.154017857142858,0,0
031_single_stream_check,phases.json,fam11truefalse,4,4,3,444,1.0,35.75675675675676,0.0,10.5,21.083333333333332,0,0
031_single_stream_check,phases.json,fam11truefalse,5,5,3,441,1.0,36.16326530612245,0.0,10.38548752834467,21.41950113378685,0,0
031_single_stream_check,phases.json,fam11truefalse,6,6,3,439,1.0,35.03644646924829,0.0,10.369020501138952,20.52619589977221,0,0
031_single_stream_check,phases.json,fam11truefalse,7,7,3,437,1.0,35.48512585812357,0.0,10.20137299771167,21.03203661327231,0,0
031_single_stream_check,phases.json,fam11truefalse,8,0,3,436,1.0,38.887614678899084,0.0,10.965596330275229,23.279816513761467,0,0
031_single_stream_check,phases.json,fam11truefalse,9,9,3,433,1.0,32.18013856812933,0.0,9.071593533487299,19.5080831408776,0,0
031_single_stream_check,phases.json,fam11truefalse,10,10,3,433,1.0,31.854503464203233,11.454965357967668,8.863741339491916,19.438799076212472,3,3
031_single_stream_check,phases_before_swap.json,mix15a,0,8,6,1113,1.3647798742138364,36.265947888589395,0.0,8.985624438454627,22.962264150943398,0,0
031_single_stream_check,phases_before_swap.json,mix15a,1,1,6,1119,1.3637176050044684,41.02234137622877,0.0,10.001787310098303,25.187667560321717,0,0
031_single_stream_check,phases_before_swap.json,mix15a,2,2,6,1119,1.3637176050044684,41.49508489722967,0.0,9.969615728328865,25.067024128686327,0,0
031_single_stream_check,phases_before_swap.json,mix15a,3,3,6,1116,1.363799283154122,40.564516129032256,0.0,9.809139784946236,24.701612903225808,0,0
031_single_stream_check,phases_before_swap.json,mix15a,4,4,6,1118,1.3631484794275492,39.93023255813954,0.0,9.520572450805009,24.336314847942756,0,0
031_single_stream_check,phases_before_swap.json,mix15a,5,5,6,1119,1.3619302949061662,40.02591599642538,0.0,9.482573726541554,24.474530831099194,0,0
031_single_stream_check,phases_before_swap.json,mix15a,6,6,6,1115,1.3650224215246636,40.1695067264574,0.0,9.46457399103139,24.595515695067263,0,0
031_single_stream_check,phases_before_swap.json,mix15a,7,7,6,1113,1.3647798742138364,40.61545372866128,0.0,9.652291105121293,24.735849056603772,0,0
031_single_stream_check,phases_before_swap.json,mix15a,8,0,6,1116,1.364695340501792,42.733870967741936,0.0,10.512544802867383,16.727598566308245,0,0
031_single_stream_check,phases_before_swap.json,mix15a,9,9,6,1119,1.3619302949061662,36.73011617515639,0.0,9.136729222520108,23.378016085790886,0,0
031_single_stream_check,phases_before_swap.json,mix15a,10,10,6,1117,1.3625783348254252,35.924798567591765,11.671441360787824,8.851387645478962,22.139659803043866,19,19
032_role_swap,phases.json,mix15a,0,8,7,1231,1.3631194151096668,39.76360682372055,0.0,9.285946385052803,16.194963444354183,0,0
032_role_swap,phases.json,mix15a,1,1,8,1238,1.3618739903069468,43.72940226171244,0.0,12.726171243941842,24.922455573505655,0,0
032_role_swap,phases.json,mix15a,2,2,8,1245,1.3622489959839357,39.96144578313253,0.0,9.881927710843373,24.190361445783132,0,0
032_role_swap,phases.json,mix15a,3,3,8,1245,1.3630522088353414,40.54859437751004,0.0,9.571887550200803,24.743775100401606,0,0
032_role_swap,phases.json,mix15a,4,4,8,1244,1.3633440514469453,40.34967845659164,0.0,9.684887459807074,24.7540192926045,0,0
032_role_swap,phases.json,mix15a,5,5,8,1241,1.3642224012892827,40.61563255439162,0.0,9.532634971796938,25.0088638195004,0,0
032_role_swap,phases.json,mix15a,6,6,8,1245,1.3630522088353414,38.94136546184739,0.0,9.490763052208836,23.94136546184739,0,0
032_role_swap,phases.json,mix15a,7,7,8,1245,1.3630522088353414,40.326907630522086,0.0,9.521285140562249,24.734939759036145,0,0
032_role_swap,phases.json,mix15a,8,0,8,1244,1.362540192926045,44.130225080385856,0.0,10.714630225080386,27.631028938906752,0,0
032_role_swap,phases.json,mix15a,9,9,8,1246,1.3635634028892456,35.7776886035313,0.0,8.986356340288925,22.958266452648473,0,0
032_role_swap,phases.json,mix15a,10,10,8,1241,1.362610797743755,35.99838839645447,11.624496373892022,9.05157131345689,22.28525382755842,9,9
032_role_swap,phases.json,mix15b,0,8,7,1299,1.363356428021555,39.501924557351806,0.0,9.303310238645112,16.193225558121632,0,0
032_role_swap,phases.json,mix15b,1,1,7,1293,1.3650425367362722,41.2784222737819,0.0,10.356535189481825,24.94508894044857,0,0
032_role_swap,phases.json,mix15b,2,2,7,1299,1.363356428021555,40.28714395688991,0.0,9.945342571208622,24.33256351039261,0,0
032_role_swap,phases.json,mix15b,3,3,8,1427,1.3559915907498248,40.215136650315344,0.0,9.585143658023826,24.662228451296425,0,0
032_role_swap,phases.json,mix15b,4,4,8,1427,1.3566923615977575,40.12894183601962,0.0,9.684653118430273,24.61387526278907,0,0
032_role_swap,phases.json,mix15b,5,5,8,1426,1.3562412342215988,40.79242636746143,0.0,9.598877980364657,25.103085553997197,0,0
032_role_swap,phases.json,mix15b,6,6,8,1420,1.3570422535211268,38.83028169014084,0.0,9.497887323943662,23.92183098591549,0,0
032_role_swap,phases.json,mix15b,7,7,8,1420,1.3570422535211268,40.60492957746479,0.0,9.587323943661971,24.733098591549297,0,0
032_role_swap,phases.json,mix15b,8,0,8,1421,1.3574947220267417,44.05066854327938,0.0,10.73539760731879,27.51301900070373,0,0
032_role_swap,phases.json,mix15b,9,9,8,1417,1.355681016231475,36.167960479887086,0.0,9.045165843330981,22.964008468595626,0,0
032_role_swap,phases.json,mix15b,10,10,8,1421,1.3567909922589725,35.59605911330049,11.619985925404645,8.976776917663617,22.124560168895144,14,14
034_inflight10,phases-baseline.json,fam0x,0,8,1,215,1.0,37.41860465116279,0.0,10.251162790697675,14.409302325581395,0,0
034_inflight10,phases-baseline.json,fam0x,1,1,2,386,1.0,36.233160621761655,0.0,10.875647668393782,21.16321243523316,0,0
034_inflight10,phases-baseline.json,fam0x,2,2,1,207,1.0,34.85990338164251,0.0,10.458937198067632,20.734299516908212,0,0
034_inflight10,phases-baseline.json,fam0x,3,3,1,207,1.0,34.16425120772947,0.0,10.067632850241546,20.884057971014492,0,0
034_inflight10,phases-baseline.json,fam0x,4,4,1,208,1.0,35.01442307692308,0.0,10.326923076923077,21.158653846153847,0,0
034_inflight10,phases-baseline.json,fam0x,5,5,1,207,1.0,34.84057971014493,0.0,10.02415458937198,21.29951690821256,0,0
034_inflight10,phases-baseline.json,fam0x,6,6,1,206,1.0,34.55339805825243,0.0,10.087378640776699,20.509708737864077,0,0
034_inflight10,phases-baseline.json,fam0x,7,7,1,205,1.0,35.34146341463415,0.0,10.039024390243902,21.209756097560977,0,0
034_inflight10,phases-baseline.json,fam0x,8,0,1,205,1.0,37.84878048780488,0.0,10.765853658536585,23.380487804878047,0,0
034_inflight10,phases-baseline.json,fam0x,9,9,1,205,1.0,31.321951219512194,0.0,8.86829268292683,19.317073170731707,0,0
034_inflight10,phases-baseline.json,fam0x,10,10,1,206,1.0,31.446601941747574,11.470873786407767,8.781553398058252,19.402912621359224,2,2
034_inflight10,phases-baseline.json,mix15a,0,8,7,1298,1.3636363636363635,39.6271186440678,0.0,9.42295839753467,16.305084745762713,0,0
034_inflight10,phases-baseline.json,mix15a,1,1,7,1299,1.363356428021555,41.49961508852964,0.0,10.362586605080832,25.01000769822941,0,0
034_inflight10,phases-baseline.json,mix15a,2,2,7,1297,1.363916730917502,39.91056283731689,0.0,9.906707787201233,24.268311488049346,0,0
034_inflight10,phases-baseline.json,mix15a,3,3,7,1301,1.363566487317448,40.4043043812452,0.0,9.61183704842429,24.77632590315142,0,0
034_inflight10,phases-baseline.json,mix15a,4,4,7,1300,1.363846153846154,40.79153846153846,0.0,9.703846153846154,24.821538461538463,0,0
034_inflight10,phases-baseline.json,mix15a,5,5,7,1299,1.3641262509622787,40.9545804464973,0.0,9.578906851424172,25.144726712856045,0,0
034_inflight10,phases-baseline.json,mix15a,6,6,7,1299,1.3641262509622787,39.16474210931486,0.0,9.552732871439568,24.043879907621246,0,0
034_inflight10,phases-baseline.json,mix15a,7,7,7,1299,1.3641262509622787,40.56966897613549,0.0,9.58506543494996,24.856812933025402,0,0
034_inflight10,phases-baseline.json,mix15a,8,0,7,1298,1.3636363636363635,43.95993836671803,0.0,10.692604006163329,27.571648690292758,0,0
034_inflight10,phases-baseline.json,mix15a,9,9,7,1297,1.3631457208943716,36.045489591364685,0.0,9.02467232074017,22.990747879722438,0,0
034_inflight10,phases-baseline.json,mix15a,10,10,7,1298,1.3636363636363635,35.53312788906009,11.617873651771957,8.96302003081664,22.15408320493066,9,9
034_inflight10,phases-baseline.json,mix15b,0,8,5,935,1.360427807486631,39.294117647058826,0.0,9.406417112299465,16.24705882352941,0,0
034_inflight10,phases-baseline.json,mix15b,1,1,8,1367,1.3540599853694222,41.02633504023409,0.0,10.377468910021946,24.79736649597659,0,0
034_inflight10,phases-baseline.json,mix15b,2,2,8,1366,1.3550512445095169,40.42459736456808,0.0,9.952415812591507,24.251098096632504,0,0
034_inflight10,phases-baseline.json,mix15b,3,3,8,1359,1.3561442236938925,40.078734363502576,0.0,9.59234731420162,24.637969094922738,0,0
034_inflight10,phases-baseline.json,mix15b,4,4,8,1359,1.3576158940397351,40.13318616629875,0.0,9.66961000735835,24.600441501103752,0,0
034_inflight10,phases-baseline.json,mix15b,5,5,8,1358,1.357879234167894,40.64506627393225,0.0,9.543446244477172,25.068483063328426,0,0
034_inflight10,phases-baseline.json,mix15b,6,6,8,1355,1.3571955719557196,39.073062730627306,0.0,9.52029520295203,23.937269372693727,0,0
034_inflight10,phases-baseline.json,mix15b,7,7,8,1355,1.3571955719557196,40.032472324723244,0.0,9.560147601476015,24.647970479704796,0,0
034_inflight10,phases-baseline.json,mix15b,8,0,6,985,1.3563451776649746,43.9989847715736,0.0,10.711675126903554,27.411167512690355,0,0
034_inflight10,phases-baseline.json,mix15b,9,9,8,1355,1.3571955719557196,35.83911439114391,0.0,9.024354243542435,22.85239852398524,0,0
034_inflight10,phases-baseline.json,mix15b,10,10,8,1352,1.3557692307692308,35.94970414201183,11.621301775147929,9.017011834319527,22.15458579881657,11,11
034_inflight10,phases-baseline.json,mix176,0,8,9,545,9.185321100917431,122.5743119266055,0.0,12.196330275229357,86.4788990825688,0,0
034_inflight10,phases-baseline.json,mix176,1,1,11,604,9.663907284768213,162.59602649006624,0.0,14.140728476821192,133.7748344370861,0,0
034_inflight10,phases-baseline.json,mix176,2,2,11,611,9.554828150572831,153.59083469721767,0.0,14.27986906710311,124.72831423895254,0,0
034_inflight10,phases-baseline.json,mix176,3,3,11,612,9.545751633986928,153.95915032679738,0.0,13.946078431372548,125.11274509803921,0,0
034_inflight10,phases-baseline.json,mix176,4,4,11,616,9.512987012987013,154.55357142857142,0.0,13.712662337662337,125.93831168831169,0,0
034_inflight10,phases-baseline.json,mix176,5,5,11,618,9.491909385113269,153.97249190938513,0.0,13.169902912621358,124.53236245954693,0,0
034_inflight10,phases-baseline.json,mix176,6,6,11,620,9.491935483870968,146.30967741935484,0.0,13.687096774193549,117.61290322580645,0,0
034_inflight10,phases-baseline.json,mix176,7,7,11,611,9.600654664484452,155.57119476268412,0.0,13.785597381342063,127.20458265139116,0,0
034_inflight10,phases-baseline.json,mix176,8,0,10,572,9.248251748251748,158.9825174825175,0.0,14.218531468531468,130.5506993006993,0,0
034_inflight10,phases-baseline.json,mix176,9,9,11,615,9.560975609756097,131.52032520325204,0.0,11.91869918699187,108.00162601626016,0,0
034_inflight10,phases-baseline.json,mix176,10,10,11,615,9.580487804878048,121.68617886178862,14.591869918699187,13.684552845528454,85.4829268292683,15,15
034_inflight10,phases.json,fam0x,0,8,1,214,1.0,37.71495327102804,0.0,10.280373831775702,14.24766355140187,0,0
034_inflight10,phases.json,fam0x,1,1,1,209,1.0,35.196172248803826,0.0,10.267942583732058,21.119617224880383,0,0
034_inflight10,phases.json,fam0x,2,2,1,209,1.0,35.421052631578945,0.0,10.61244019138756,21.076555023923444,0,0
034_inflight10,phases.json,fam0x,3,3,1,209,1.0,35.38277511961722,0.0,10.248803827751196,21.392344497607656,0,0
034_inflight10,phases.json,fam0x,4,4,1,205,1.0,34.760975609756095,0.0,10.160975609756097,20.673170731707316,0,0
034_inflight10,phases.json,fam0x,5,5,1,204,1.0,33.970588235294116,0.0,10.083333333333334,20.42156862745098,0,0
034_inflight10,phases.json,fam0x,6,6,1,204,1.0,34.56372549019608,0.0,10.122549019607844,21.03921568627451,0,0
034_inflight10,phases.json,fam0x,7,7,1,204,1.0,34.23039215686274,0.0,9.867647058823529,21.019607843137255,0,0
034_inflight10,phases.json,fam0x,8,0,1,204,1.0,37.740196078431374,0.0,10.519607843137255,23.254901960784313,0,0
034_inflight10,phases.json,fam0x,9,9,1,204,1.0,31.794117647058822,0.0,9.127450980392156,19.70098039215686,0,0
034_inflight10,phases.json,fam0x,10,10,1,204,1.0,31.137254901960784,11.52450980392157,8.661764705882353,19.666666666666668,0,0
034_inflight10,phases.json,mix15a,0,8,6,1007,1.5004965243296922,41.67825223435948,0.0,9.470705064548163,16.849056603773583,0,0
034_inflight10,phases.json,mix15a,1,1,8,1293,1.4563031709203402,42.62799690641918,0.0,10.183294663573086,25.982211910286157,0,0
034_inflight10,phases.json,mix15a,2,2,8,1276,1.4623824451410659,43.02664576802508,0.0,10.5141065830721,25.97257053291536,0,0
034_inflight10,phases.json,mix15a,3,3,8,1274,1.4631083202511774,42.89638932496075,0.0,9.978806907378337,26.244113029827314,0,0
034_inflight10,phases.json,mix15a,4,4,8,1250,1.472,41.8368,0.0,9.9088,25.556,0,0
034_inflight10,phases.json,mix15a,5,5,8,1248,1.4727564102564104,41.58974358974359,0.0,9.889423076923077,25.39823717948718,0,0
034_inflight10,phases.json,mix15a,6,6,8,1248,1.4727564102564104,42.69951923076923,0.0,9.94951923076923,26.110576923076923,0,0
034_inflight10,phases.json,mix15a,7,7,8,1247,1.4731355252606255,42.58059342421812,0.0,9.858059342421813,26.256615878107457,0,0
034_inflight10,phases.json,mix15a,8,0,8,1246,1.4743178170144462,46.11637239165329,0.0,10.805778491171749,29.174959871589085,0,0
034_inflight10,phases.json,mix15a,9,9,8,1244,1.4742765273311897,38.07958199356913,0.0,9.229099678456592,24.442122186495176,0,0
034_inflight10,phases.json,mix15a,10,10,8,1220,1.4836065573770492,37.67704918032787,11.734426229508196,8.981147540983606,23.53934426229508,9,9
034_inflight10,phases.json,mix15b,0,8,7,1176,1.498299319727891,41.281462585034014,0.0,9.467687074829932,16.834183673469386,0,0
034_inflight10,phases.json,mix15b,1,1,8,1241,1.4850926672038678,43.32634971796938,0.0,10.304593070104755,26.368251410153103,0,0
034_inflight10,phases.json,mix15b,2,2,8,1239,1.4858757062146892,43.653753026634384,0.0,10.501210653753027,26.207425343018564,0,0
034_inflight10,phases.json,mix15b,3,3,8,1239,1.4874899112187248,43.23163841807909,0.0,10.044390637610977,26.505246166263117,0,0
034_inflight10,phases.json,mix15b,4,4,8,1233,1.489051094890511,42.72911597729116,0.0,10.007299270072993,25.80616382806164,0,0
034_inflight10,phases.json,mix15b,5,5,8,1232,1.489448051948052,42.416396103896105,0.0,9.981331168831169,25.685876623376622,0,0
034_inflight10,phases.json,mix15b,6,6,7,1067,1.4901593252108716,42.97938144329897,0.0,10.019681349578256,26.291471415182755,0,0
034_inflight10,phases.json,mix15b,7,7,8,1233,1.4898621248986212,43.04460665044606,0.0,9.965936739659368,26.521492295214923,0,0
034_inflight10,phases.json,mix15b,8,0,8,1231,1.4890333062550771,46.53614947197401,0.0,10.840779853777416,29.391551584077984,0,0
034_inflight10,phases.json,mix15b,9,9,8,1231,1.487408610885459,38.65475223395613,0.0,9.294882209585703,24.716490658001625,0,0
034_inflight10,phases.json,mix15b,10,10,8,1231,1.487408610885459,37.7944760357433,11.742485783915516,8.993501218521526,23.7051177904143,10,10
034_inflight10,phases.json,mix176,0,8,7,382,9.277486910994764,122.43193717277487,0.0,12.327225130890053,85.16230366492147,0,0
034_inflight10,phases.json,mix176,1,1,11,581,9.032702237521514,157.1497418244406,0.0,13.710843373493976,128.09982788296043,0,0
034_inflight10,phases.json,mix176,2,2,10,518,10.028957528957529,170.25675675675674,0.0,14.44980694980695,137.78185328185327,0,0
034_inflight10,phases.json,mix176,3,3,12,654,8.65137614678899,148.68501529051989,0.0,13.591743119266056,118.84709480122324,0,0
034_inflight10,phases.json,mix176,4,4,12,671,8.435171385991058,137.672131147541,0.0,13.445603576751118,109.4634873323398,0,0
034_inflight10,phases.json,mix176,5,5,12,675,8.367407407407407,135.50518518518518,0.0,12.977777777777778,107.00148148148148,0,0
034_inflight10,phases.json,mix176,6,6,12,671,8.432190760059612,138.18777943368107,0.0,12.976154992548436,110.98956780923994,0,0
034_inflight10,phases.json,mix176,7,7,11,555,9.627027027027028,159.4108108108108,0.0,13.790990990990991,128.7117117117117,0,0
034_inflight10,phases.json,mix176,8,0,11,566,9.515901060070671,175.22791519434628,0.0,14.54416961130742,145.26325088339223,0,0
034_inflight10,phases.json,mix176,9,9,11,566,9.473498233215548,134.21554770318022,0.0,12.102473498233216,110.226148409894,0,0
034_inflight10,phases.json,mix176,10,10,11,568,9.40669014084507,117.35915492957747,14.575704225352112,12.160211267605634,86.80985915492958,17,17
035_chain_readiness,phases.json,mix15a,0,8,6,1105,1.3638009049773756,39.72941176470588,0.0,9.314027149321268,15.669683257918551,0,0
035_chain_readiness,phases.json,mix15a,1,1,6,1105,1.3619909502262444,41.557466063348414,0.0,10.283257918552037,25.339366515837103,0,0
035_chain_readiness,phases.json,mix15a,2,2,6,1106,1.3625678119349005,41.38065099457504,0.0,10.021699819168173,25.15913200723327,0,0
035_chain_readiness,phases.json,mix15a,3,3,6,1105,1.3647058823529412,40.49864253393665,0.0,9.661538461538461,24.92760180995475,0,0
035_chain_readiness,phases.json,mix15a,4,4,6,1104,1.3623188405797102,39.81521739130435,0.0,9.564311594202898,24.509057971014492,0,0
035_chain_readiness,phases.json,mix15a,5,5,7,1270,1.3622047244094488,41.048818897637794,0.0,9.961417322834645,24.730708661417324,0,0
035_chain_readiness,phases.json,mix15a,6,6,7,1276,1.3636363636363635,40.1371473354232,0.0,9.482758620689655,25.04310344827586,0,0
035_chain_readiness,phases.json,mix15a,7,7,7,1276,1.3636363636363635,40.842476489028215,0.0,9.530564263322884,25.21708463949843,0,0
035_chain_readiness,phases.json,mix15a,8,0,7,1291,1.3625096824167313,42.7993803253292,0.0,10.337722695584818,26.670023237800155,0,0
035_chain_readiness,phases.json,mix15a,9,9,7,1289,1.3630721489526765,36.1155934833204,0.0,9.064391000775796,22.69743987587277,0,0
035_chain_readiness,phases.json,mix15a,10,10,7,1289,1.361520558572537,36.14352211016292,11.623739332816136,9.17300232738557,22.311869666408068,9,9
035_chain_readiness,phases.json,mix15b,0,8,4,739,1.3640054127198917,39.46008119079838,0.0,9.416779431664411,15.713125845737483,0,0
035_chain_readiness,phases.json,mix15b,1,1,7,1297,1.3631457208943716,41.528912875867384,0.0,10.292983808789515,25.30917501927525,0,0
035_chain_readiness,phases.json,mix15b,2,2,7,1296,1.3634259259259258,41.3287037037037,0.0,10.031635802469136,25.195987654320987,0,0
035_chain_readiness,phases.json,mix15b,3,3,8,1430,1.3545454545454545,40.10839160839161,0.0,9.622377622377622,24.717482517482516,0,0
035_chain_readiness,phases.json,mix15b,4,4,8,1428,1.3557422969187676,40.40266106442577,0.0,9.602941176470589,24.55672268907563,0,0
035_chain_readiness,phases.json,mix15b,5,5,8,1411,1.3557760453579022,40.533664068036856,0.0,9.89227498228207,24.46987951807229,0,0
035_chain_readiness,phases.json,mix15b,6,6,8,1356,1.3561946902654867,40.22050147492625,0.0,9.46165191740413,24.94395280235988,0,0
035_chain_readiness,phases.json,mix15b,7,7,8,1361,1.3541513592946364,40.76120499632623,0.0,9.561351947097723,25.11756061719324,0,0
035_chain_readiness,phases.json,mix15b,8,0,8,1342,1.354694485842027,42.47466467958271,0.0,10.334575260804769,26.50074515648286,0,0
035_chain_readiness,phases.json,mix15b,9,9,8,1345,1.353903345724907,35.70631970260223,0.0,9.011152416356877,22.500371747211897,0,0
035_chain_readiness,phases.json,mix15b,10,10,8,1324,1.3549848942598188,36.311933534743204,11.609516616314199,9.16691842900302,22.295317220543808,10,10
037_fleet_state_capture,phases-f16.json,mix15a,0,8,7,1281,1.3622170179547228,40.04605776736924,0.0,9.3224043715847,16.05464480874317,0,0
037_fleet_state_capture,phases-f16.json,mix15a,1,1,7,1284,1.3621495327102804,41.74065420560748,0.0,10.68613707165109,24.779595015576323,0,0
037_fleet_state_capture,phases-f16.json,mix15a,2,2,7,1283,1.3639906469212784,40.88074824629774,0.0,9.703819173811379,24.981293842556507,0,0
037_fleet_state_capture,phases-f16.json,mix15a,3,3,7,1281,1.3637782982045277,41.205308352849336,0.0,9.876658860265417,25.163153786104605,0,0
037_fleet_state_capture,phases-f16.json,mix15a,4,4,7,1279,1.36278342455043,41.15089913995309,0.0,9.868647380766223,25.225957779515245,0,0
037_fleet_state_capture,phases-f16.json,mix15a,5,5,7,1281,1.3622170179547228,41.09055425448868,0.0,9.719750195160032,25.169398907103826,0,0
037_fleet_state_capture,phases-f16.json,mix15a,6,6,7,1281,1.3567525370804059,39.99063231850117,0.0,9.508977361436378,24.539422326307573,0,0
037_fleet_state_capture,phases-f16.json,mix15a,7,7,7,1280,1.35703125,40.95703125,0.0,9.77265625,25.08671875,0,0
037_fleet_state_capture,phases-f16.json,mix15a,8,0,5,920,1.3619565217391305,42.91304347826087,0.0,10.379347826086956,26.791304347826088,0,0
037_fleet_state_capture,phases-f16.json,mix15a,9,9,7,1277,1.3547376664056383,36.571652310101804,0.0,9.061080657791699,23.187157400156618,0,0
037_fleet_state_capture,phases-f16.json,mix15a,10,10,7,1276,1.3550156739811912,35.71865203761755,11.648119122257054,9.10344827586207,22.25,9,9
037_fleet_state_capture,phases-f16.json,mix15b,0,8,7,1287,1.3636363636363635,40.04584304584304,0.0,9.439782439782439,16.138306138306138,0,0
037_fleet_state_capture,phases-f16.json,mix15b,1,1,8,1330,1.3556390977443609,41.962406015037594,0.0,10.690225563909774,24.77518796992481,0,0
037_fleet_state_capture,phases-f16.json,mix15b,2,2,8,1331,1.3553719008264462,40.58226897069872,0.0,9.73328324567994,24.9053343350864,0,0
037_fleet_state_capture,phases-f16.json,mix15b,3,3,8,1323,1.3560090702947847,40.94028722600151,0.0,9.90098261526833,25.020408163265305,0,0
037_fleet_state_capture,phases-f16.json,mix15b,4,4,8,1311,1.3577421815408086,40.950419527078566,0.0,9.926773455377575,25.16704805491991,0,0
037_fleet_state_capture,phases-f16.json,mix15b,5,5,8,1314,1.356925418569254,40.8013698630137,0.0,9.753424657534246,25.095890410958905,0,0
037_fleet_state_capture,phases-f16.json,mix15b,6,6,7,1115,1.3623318385650225,39.93811659192825,0.0,9.56322869955157,24.57130044843049,0,0
037_fleet_state_capture,phases-f16.json,mix15b,7,7,8,1292,1.361455108359133,41.037151702786375,0.0,9.81501547987616,25.124613003095977,0,0
037_fleet_state_capture,phases-f16.json,mix15b,8,0,8,1288,1.3625776397515528,42.91925465838509,0.0,10.391304347826088,26.79580745341615,0,0
037_fleet_state_capture,phases-f16.json,mix15b,9,9,8,1287,1.3628593628593628,36.58119658119658,0.0,9.067599067599067,23.264957264957264,0,0
037_fleet_state_capture,phases-f16.json,mix15b,10,10,8,1287,1.3628593628593628,35.998445998446,11.644910644910645,9.108003108003109,22.337995337995338,10,10
037_fleet_state_capture,phases.json,mix15a,0,8,4,738,1.3631436314363143,39.61788617886179,0.0,9.360433604336043,15.646341463414634,0,0
037_fleet_state_capture,phases.json,mix15a,1,1,7,1289,1.3630721489526765,41.5733126454616,0.0,10.147401086113266,25.51047323506594,0,0
037_fleet_state_capture,phases.json,mix15a,2,2,7,1290,1.3627906976744186,41.07054263565892,0.0,10.005426356589147,25.141860465116277,0,0
037_fleet_state_capture,phases.json,mix15a,3,3,7,1297,1.3631457208943716,40.24209714726292,0.0,9.605242868157285,24.630686198920586,0,0
037_fleet_state_capture,phases.json,mix15a,4,4,7,1291,1.3632842757552286,41.066615027110764,0.0,9.969790859798605,24.904725019364832,0,0
037_fleet_state_capture,phases.json,mix15a,5,5,6,1104,1.3650362318840579,40.3125,0.0,9.548007246376812,24.80072463768116,0,0
037_fleet_state_capture,phases.json,mix15a,6,6,7,1289,1.3646237393328162,40.52521334367727,0.0,9.718386346004655,24.753297129557797,0,0
037_fleet_state_capture,phases.json,mix15a,7,7,7,1290,1.3651162790697675,41.17984496124031,0.0,9.692248062015503,25.345736434108527,0,0
037_fleet_state_capture,phases.json,mix15a,8,0,7,1286,1.3615863141524105,42.94090202177294,0.0,10.363919129082426,26.746500777604975,0,0
037_fleet_state_capture,phases.json,mix15a,9,9,7,1285,1.3618677042801557,37.110505836575875,0.0,8.970428015564202,23.709727626459145,0,0
037_fleet_state_capture,phases.json,mix15a,10,10,7,1288,1.3555900621118013,35.50698757763975,11.654503105590063,8.853260869565217,22.016304347826086,9,9
037_fleet_state_capture,phases.json,mix15b,0,8,7,1289,1.3630721489526765,39.30256012412723,0.0,9.39100077579519,15.678820791311093,0,0
037_fleet_state_capture,phases.json,mix15b,1,1,7,1194,1.3542713567839195,41.51172529313233,0.0,10.098827470686768,25.392797319933,0,0
037_fleet_state_capture,phases.json,mix15b,2,2,7,1192,1.3548657718120805,41.17030201342282,0.0,9.979026845637584,25.186241610738254,0,0
037_fleet_state_capture,phases.json,mix15b,3,3,8,1366,1.3543191800878478,39.98389458272328,0.0,9.568814055636896,24.58125915080527,0,0
037_fleet_state_capture,phases.json,mix15b,4,4,8,1354,1.3545051698670605,40.75258493353028,0.0,9.896602658788774,24.810930576070902,0,0
037_fleet_state_capture,phases.json,mix15b,5,5,8,1344,1.3556547619047619,40.185267857142854,0.0,9.546130952380953,24.746279761904763,0,0
037_fleet_state_capture,phases.json,mix15b,6,6,8,1341,1.3557046979865772,40.13571961222968,0.0,9.5413870246085,24.692020879940344,0,0
037_fleet_state_capture,phases.json,mix15b,7,7,8,1339,1.3547423450336071,41.19268110530246,0.0,9.663928304705003,25.22927557879014,0,0
037_fleet_state_capture,phases.json,mix15b,8,0,6,944,1.3548728813559323,42.95550847457627,0.0,10.377118644067796,26.783898305084747,0,0
037_fleet_state_capture,phases.json,mix15b,9,9,8,1314,1.3584474885844748,37.007610350076106,0.0,8.920852359208524,23.76027397260274,0,0
037_fleet_state_capture,phases.json,mix15b,10,10,8,1294,1.3624420401854713,35.45749613601237,11.62596599690881,8.7967542503864,22.16228748068006,10,10
038_phrase_transfer,phases-baseline.json,fam0explain,0,8,2,400,1.0,39.15,0.0,10.6175,14.5375,0,0
038_phrase_transfer,phases-baseline.json,fam0explain,1,1,3,468,1.0299145299145298,37.20940170940171,0.0,11.211538461538462,21.397435897435898,0,0
038_phrase_transfer,phases-baseline.json,fam0explain,2,2,3,468,1.0299145299145298,36.64316239316239,0.0,10.452991452991453,21.69871794871795,0,0
038_phrase_transfer,phases-baseline.json,fam0explain,3,3,3,468,1.0299145299145298,36.42948717948718,0.0,10.510683760683762,21.668803418803417,0,0
038_phrase_transfer,phases-baseline.json,fam0explain,4,4,3,470,1.0297872340425531,36.5531914893617,0.0,10.534042553191489,21.704255319148935,0,0
038_phrase_transfer,phases-baseline.json,fam0explain,5,5,3,460,1.0282608695652173,36.8,0.0,10.410869565217391,21.804347826086957,0,0
038_phrase_transfer,phases-baseline.json,fam0explain,6,6,3,460,1.0282608695652173,35.04347826086956,0.0,10.041304347826086,21.06086956521739,0,0
038_phrase_transfer,phases-baseline.json,fam0explain,7,7,3,461,1.0303687635574836,36.533622559652926,0.0,10.264642082429502,21.66160520607375,0,0
038_phrase_transfer,phases-baseline.json,fam0explain,8,0,3,461,1.0303687635574836,38.253796095444685,0.0,10.672451193058569,23.023861171366594,0,0
038_phrase_transfer,phases-baseline.json,fam0explain,9,9,3,460,1.0304347826086957,33.37391304347826,0.0,9.182608695652174,20.1,0,0
038_phrase_transfer,phases-baseline.json,fam0explain,10,10,3,460,1.0282608695652173,32.3304347826087,11.497826086956522,8.971739130434782,19.85,1,1
038_phrase_transfer,phases-baseline.json,fam3story,0,8,2,397,1.0,39.12846347607053,0.0,10.639798488664987,14.518891687657431,0,0
038_phrase_transfer,phases-baseline.json,fam3story,1,1,3,425,1.0,36.99764705882353,0.0,11.36,21.157647058823528,0,0
038_phrase_transfer,phases-baseline.json,fam3story,2,2,3,423,1.0,36.56973995271868,0.0,10.553191489361701,21.47044917257683,0,0
038_phrase_transfer,phases-baseline.json,fam3story,3,3,3,421,1.0,36.589073634204276,0.0,10.624703087885985,21.5083135391924,0,0
038_phrase_transfer,phases-baseline.json,fam3story,4,4,3,418,1.0,36.921052631578945,0.0,10.68421052631579,21.60287081339713,0,0
038_phrase_transfer,phases-baseline.json,fam3story,5,5,3,417,1.0,36.805755395683455,0.0,10.49400479616307,21.534772182254198,0,0
038_phrase_transfer,phases-baseline.json,fam3story,6,6,3,415,1.0,35.22409638554217,0.0,10.183132530120481,20.913253012048195,0,0
038_phrase_transfer,phases-baseline.json,fam3story,7,7,3,415,1.0,35.76626506024096,0.0,10.303614457831324,21.26024096385542,0,0
038_phrase_transfer,phases-baseline.json,fam3story,8,0,3,413,1.0,38.16949152542373,0.0,10.634382566585957,22.84261501210654,0,0
038_phrase_transfer,phases-baseline.json,fam3story,9,9,3,411,1.0,32.62287104622871,0.0,9.119221411192214,19.722627737226276,0,0
038_phrase_transfer,phases-baseline.json,fam3story,10,10,3,408,1.0,32.02205882352941,11.482843137254902,8.946078431372548,19.605392156862745,0,0
038_phrase_transfer,phases-baseline.json,fam1code,0,8,1,205,1.0,38.15609756097561,0.0,10.346341463414634,14.292682926829269,0,0
038_phrase_transfer,phases-baseline.json,fam1code,1,1,2,212,1.0,36.905660377358494,0.0,11.202830188679245,21.160377358490567,0,0
038_phrase_transfer,phases-baseline.json,fam1code,2,2,2,211,1.0,36.19431279620853,0.0,10.308056872037914,21.355450236966824,0,0
038_phrase_transfer,phases-baseline.json,fam1code,3,3,2,211,1.0,36.27014218009479,0.0,10.436018957345972,21.303317535545023,0,0
038_phrase_transfer,phases-baseline.json,fam1code,4,4,2,209,1.0,36.057416267942585,0.0,10.430622009569378,21.42105263157895,0,0
038_phrase_transfer,phases-baseline.json,fam1code,5,5,2,208,1.0,36.125,0.0,10.346153846153847,21.514423076923077,0,0
038_phrase_transfer,phases-baseline.json,fam1code,6,6,2,209,1.0,34.90430622009569,0.0,9.980861244019138,20.88995215311005,0,0
038_phrase_transfer,phases-baseline.json,fam1code,7,7,2,207,1.0,36.30434782608695,0.0,10.289855072463768,21.342995169082126,0,0
038_phrase_transfer,phases-baseline.json,fam1code,8,0,1,3,1.0,39.666666666666664,0.0,11.666666666666666,23.333333333333332,0,0
038_phrase_transfer,phases-baseline.json,fam1code,9,9,2,206,1.0,32.81553398058252,0.0,9.179611650485437,19.859223300970875,0,0
038_phrase_transfer,phases-baseline.json,fam1code,10,10,2,206,1.0,31.87378640776699,11.475728155339805,8.898058252427184,19.490291262135923,1,1
038_phrase_transfer,phases-baseline.json,fam2arith,1,1,1,93,1.0,37.45161290322581,0.0,11.634408602150538,21.193548387096776,0,0
038_phrase_transfer,phases-baseline.json,fam2arith,2,2,1,91,1.0,37.0989010989011,0.0,10.76923076923077,21.34065934065934,0,0
038_phrase_transfer,phases-baseline.json,fam2arith,3,3,1,90,1.0,37.01111111111111,0.0,11.011111111111111,21.42222222222222,0,0
038_phrase_transfer,phases-baseline.json,fam2arith,4,4,1,89,1.0,37.26966292134831,0.0,10.932584269662922,21.60674157303371,0,0
038_phrase_transfer,phases-baseline.json,fam2arith,5,5,1,89,1.0,36.58426966292135,0.0,10.573033707865168,21.325842696629213,0,0
038_phrase_transfer,phases-baseline.json,fam2arith,6,6,1,87,1.0,35.71264367816092,0.0,10.459770114942529,21.03448275862069,0,0
038_phrase_transfer,phases-baseline.json,fam2arith,7,7,1,87,1.0,36.770114942528735,0.0,10.551724137931034,21.528735632183906,0,0
038_phrase_transfer,phases-baseline.json,fam2arith,8,0,1,85,1.0,38.65882352941176,0.0,10.905882352941177,22.75294117647059,0,0
038_phrase_transfer,phases-baseline.json,fam2arith,9,9,1,84,1.0,32.25,0.0,9.0,19.523809523809526,0,0
038_phrase_transfer,phases-baseline.json,fam2arith,10,10,1,83,1.0,32.81927710843374,11.493975903614459,9.072289156626505,19.626506024096386,2,2
038_phrase_transfer,phases-baseline.json,fam6rewrite,0,8,1,205,1.0,38.75121951219512,0.0,10.360975609756098,14.46829268292683,0,0
038_phrase_transfer,phases-baseline.json,fam6rewrite,1,1,2,296,1.0,36.138513513513516,0.0,10.902027027027026,20.861486486486488,0,0
038_phrase_transfer,phases-baseline.json,fam6rewrite,2,2,2,294,1.0,36.08163265306123,0.0,10.091836734693878,21.23469387755102,0,0
038_phrase_transfer,phases-baseline.json,fam6rewrite,3,3,2,292,1.0,36.136986301369866,0.0,10.318493150684931,21.36986301369863,0,0
038_phrase_transfer,phases-baseline.json,fam6rewrite,4,4,2,291,1.0,35.65979381443299,0.0,10.223367697594501,21.15463917525773,0,0
038_phrase_transfer,phases-baseline.json,fam6rewrite,5,5,2,289,1.0,35.1038062283737,0.0,9.92733564013841,21.10726643598616,0,0
038_phrase_transfer,phases-baseline.json,fam6rewrite,6,6,2,287,1.0,34.87456445993031,0.0,9.857142857142858,20.797909407665504,0,0
038_phrase_transfer,phases-baseline.json,fam6rewrite,7,7,2,286,1.0,35.87412587412587,0.0,10.083916083916083,21.25874125874126,0,0
038_phrase_transfer,phases-baseline.json,fam6rewrite,8,0,2,286,1.0,37.74825174825175,0.0,10.402097902097902,22.597902097902097,0,0
038_phrase_transfer,phases-baseline.json,fam6rewrite,9,9,2,284,1.0,31.799295774647888,0.0,8.852112676056338,19.464788732394368,0,0
038_phrase_transfer,phases-baseline.json,fam6rewrite,10,10,2,284,1.0,32.30281690140845,11.5,8.876760563380282,19.580985915492956,2,2
038_phrase_transfer,phases-baseline.json,fam11truefalse,0,8,1,205,1.0,39.1609756097561,0.0,10.575609756097561,14.546341463414635,0,0
038_phrase_transfer,phases-baseline.json,fam11truefalse,1,1,2,238,1.0,37.516806722689076,0.0,11.264705882352942,21.289915966386555,0,0
038_phrase_transfer,phases-baseline.json,fam11truefalse,2,2,2,235,1.0,36.01702127659574,0.0,10.472340425531915,21.408510638297873,0,0
038_phrase_transfer,phases-baseline.json,fam11truefalse,3,3,2,234,1.0,36.94444444444444,0.0,10.645299145299145,21.54700854700855,0,0
038_phrase_transfer,phases-baseline.json,fam11truefalse,4,4,2,234,1.0,36.675213675213676,0.0,10.782051282051283,21.568376068376068,0,0
038_phrase_transfer,phases-baseline.json,fam11truefalse,5,5,2,232,1.0,36.16379310344828,0.0,10.392241379310345,21.474137931034484,0,0
038_phrase_transfer,phases-baseline.json,fam11truefalse,6,6,2,231,1.0,35.67099567099567,0.0,10.307359307359308,21.0995670995671,0,0
038_phrase_transfer,phases-baseline.json,fam11truefalse,7,7,2,230,1.0,36.43478260869565,0.0,10.356521739130434,21.391304347826086,0,0
038_phrase_transfer,phases-baseline.json,fam11truefalse,8,0,2,227,1.0,38.180616740088105,0.0,10.722466960352422,22.80616740088106,0,0
038_phrase_transfer,phases-baseline.json,fam11truefalse,9,9,2,226,1.0,32.150442477876105,0.0,8.982300884955752,19.56637168141593,0,0
038_phrase_transfer,phases-baseline.json,fam11truefalse,10,10,2,226,1.0,32.4646017699115,11.491150442477876,9.044247787610619,19.615044247787612,4,4
038_phrase_transfer,phases.json,fam0explain,2,2,1,194,1.0,35.43298969072165,0.0,10.082474226804123,21.278350515463917,0,0
038_phrase_transfer,phases.json,fam0explain,3,3,1,215,1.0,34.49302325581395,0.0,10.055813953488371,21.111627906976743,0,0
038_phrase_transfer,phases.json,fam0explain,4,4,1,218,1.0,35.34862385321101,0.0,9.81651376146789,21.3302752293578,0,0
038_phrase_transfer,phases.json,fam0explain,9,9,1,209,1.0,31.789473684210527,0.0,9.138755980861244,19.248803827751196,0,0
038_phrase_transfer,phases.json,fam0explain,10,10,1,210,1.0,32.29047619047619,11.457142857142857,9.142857142857142,19.6,0,0
038_phrase_transfer,phases.json,fam3story,4,4,1,105,1.0,36.628571428571426,0.0,10.304761904761905,21.457142857142856,0,0
038_phrase_transfer,phases.json,fam3story,5,5,1,93,1.0,36.17204301075269,0.0,10.311827956989248,21.43010752688172,0,0
038_phrase_transfer,phases.json,fam3story,6,6,1,69,1.0,35.27536231884058,0.0,10.014492753623188,21.043478260869566,0,0
038_phrase_transfer,phases.json,fam3story,7,7,1,70,1.0,35.285714285714285,0.0,10.014285714285714,21.142857142857142,0,0
038_phrase_transfer,phases.json,fam3story,8,0,1,64,1.0,38.21875,0.0,10.765625,22.390625,0,0
038_phrase_transfer,phases.json,fam3story,9,9,1,59,1.0,33.220338983050844,0.0,9.288135593220339,19.423728813559322,0,0
038_phrase_transfer,phases.json,fam3story,10,10,1,45,1.0,32.644444444444446,11.444444444444445,9.2,19.466666666666665,0,0
038_phrase_transfer,phases.json,fam2arith,1,1,1,69,1.0,36.89855072463768,0.0,9.884057971014492,21.884057971014492,0,0
038_phrase_transfer,phases.json,fam2arith,4,4,1,64,1.0,36.046875,0.0,9.984375,21.4375,0,0
038_phrase_transfer,phases.json,fam2arith,5,5,1,63,1.0,35.61904761904762,0.0,9.920634920634921,21.317460317460316,0,0
038_phrase_transfer,phases.json,fam2arith,6,6,1,62,1.0,35.274193548387096,0.0,9.870967741935484,21.14516129032258,0,0
038_phrase_transfer,phases.json,fam2arith,7,7,1,61,1.0,35.81967213114754,0.0,9.672131147540984,21.262295081967213,0,0
038_phrase_transfer,phases.json,fam2arith,9,9,1,60,1.0,32.31666666666667,0.0,9.35,19.433333333333334,0,0
038_phrase_transfer,phases.json,fam2arith,10,10,1,58,1.0,32.08620689655172,11.448275862068966,9.051724137931034,19.29310344827586,1,1
038_phrase_transfer,phases.json,fam6rewrite,1,1,1,87,1.0,35.50574712643678,0.0,9.666666666666666,21.586206896551722,0,0
038_phrase_transfer,phases.json,fam6rewrite,2,2,1,85,1.0,34.8,0.0,9.670588235294117,21.011764705882353,0,0
038_phrase_transfer,phases.json,fam6rewrite,3,3,1,83,1.0,35.21686746987952,0.0,10.0,21.072289156626507,0,0
038_phrase_transfer,phases.json,fam6rewrite,4,4,1,82,1.0,35.91463414634146,0.0,9.853658536585366,21.341463414634145,0,0
038_phrase_transfer,phases.json,fam6rewrite,5,5,1,80,1.0,35.225,0.0,9.8125,21.2,0,0
038_phrase_transfer,phases.json,fam6rewrite,6,6,1,78,1.0,35.217948717948715,0.0,9.76923076923077,21.05128205128205,0,0
038_phrase_transfer,phases.json,fam6rewrite,7,7,1,77,1.0,35.506493506493506,0.0,9.64935064935065,21.233766233766232,0,0
038_phrase_transfer,phases.json,fam6rewrite,8,0,1,77,1.0,37.61038961038961,0.0,10.25974025974026,22.415584415584416,0,0
038_phrase_transfer,phases.json,fam6rewrite,9,9,1,76,1.0,32.88157894736842,0.0,9.263157894736842,19.355263157894736,0,0
038_phrase_transfer,phases.json,fam6rewrite,10,10,1,76,1.0,33.4078947368421,11.5,9.157894736842104,19.657894736842106,1,1
038_phrase_transfer,phases.json,fam11truefalse,2,2,1,139,1.0,35.83453237410072,0.0,9.913669064748202,21.287769784172664,0,0
038_phrase_transfer,phases.json,fam11truefalse,5,5,1,134,1.0,35.54477611940298,0.0,9.895522388059701,21.238805970149254,0,0
038_phrase_transfer,phases.json,fam11truefalse,6,6,1,134,1.0,34.43283582089552,0.0,9.701492537313433,20.79850746268657,0,0
038_phrase_transfer,phases.json,fam11truefalse,7,7,1,132,1.0,34.77272727272727,0.0,9.659090909090908,20.984848484848484,0,0
038_phrase_transfer,phases.json,fam11truefalse,8,0,1,131,1.0,37.52671755725191,0.0,10.358778625954198,22.38167938931298,0,0
038_phrase_transfer,phases.json,fam11truefalse,9,9,1,130,1.0,32.746153846153845,0.0,9.315384615384616,19.392307692307693,0,0
038_phrase_transfer,phases.json,fam11truefalse,10,10,1,129,1.0,32.713178294573645,11.465116279069768,9.224806201550388,19.573643410852714,0,0
